Nouns,Errors_in_non_count_form,Type,Condition_label,Intervening_noun_base_form,Intervening_noun_plural_form,Intervening_noun_count_form,Gender_of_intervening_noun,Number_of_intervening_noun,Gender_of_target_noun,Number_of_target_noun,Beginning,Condition_beginning,Numeral,First_adjective,Second_adjective,Condition_end,Target_noun_base_form,Target_noun_plural_form,Target_noun_count_form,Target_noun_other_plural_forms,Group,Final_sentence,Target_noun_after_final_sentence,Audio_files_numbering,File_prefix_of_all_audio_files,All_audio_files_original_name,Path_of_audio_files_final_name,Output_audio_file_partial_filename,Number_of_words_in_condition,All_columns_with_multiple_spaces,All_columns_with_a_final_space
,,target1,A0,къща,къщи,къщи,f,sg,m,pl,Стопаните наториха,посадените между,две,,,къщи,дъб,дъбове,дъба,,A,Стопаните наториха посадените между две къщи,дъб,STE-001,Targets,STE-001_mono.wav,Targets/mono/STE-001_mono.wav,target1_A0_дъб_къща_две___A,4,,
,,target1,A1,къща,къщи,къщи,f,sg,m,pl,Стопаните наториха,посадените между,две,ниски,,къщи,дъб,дъбове,дъба,,A,Стопаните наториха посадените между две ниски къщи,дъб,STE-002,Targets,STE-002_mono.wav,Targets/mono/STE-002_mono.wav,target1_A1_дъб_къща_две_ниски__B,5,,
,,target1,A2,къща,къщи,къщи,f,sg,m,pl,Стопаните наториха,посадените между,две,ниски,дървени,къщи,дъб,дъбове,дъба,,A,Стопаните наториха посадените между две ниски дървени къщи,дъб,STE-003,Targets,STE-003_mono.wav,Targets/mono/STE-003_mono.wav,target1_A2_дъб_къща_две_ниски_дървени_C,6,,
,,target1,A0,боя,бои,бои,f,sg,m,pl,Студентите разучаваха,нарисуваните с,три,,,бои,портрет,портрети,портрета,,A,Студентите разучаваха нарисуваните с три бои,портрет,STE-004,Targets,STE-004_mono.wav,Targets/mono/STE-004_mono.wav,target1_A0_портрет_боя_три___C,4,,
,,target1,A1,боя,бои,бои,f,sg,m,pl,Студентите разучаваха,нарисуваните с,три,преливащи,,бои,портрет,портрети,портрета,,A,Студентите разучаваха нарисуваните с три преливащи бои,портрет,STE-005,Targets,STE-005_mono.wav,Targets/mono/STE-005_mono.wav,target1_A1_портрет_боя_три_преливащи__A,5,,
,,target1,A2,боя,бои,бои,f,sg,m,pl,Студентите разучаваха,нарисуваните с,три,преливащи,акварелни,бои,портрет,портрети,портрета,,A,Студентите разучаваха нарисуваните с три преливащи акварелни бои,портрет,STE-006,Targets,STE-006_mono.wav,Targets/mono/STE-006_mono.wav,target1_A2_портрет_боя_три_преливащи_акварелни_B,6,,
,,target1,A0,среща,срещи,срещи,f,sg,m,pl,Чиновниците обнародваха,гласуваните след,четири,,,срещи,закон,закони,закона,,A,Чиновниците обнародваха гласуваните след четири срещи,закон,STE-007,Targets,STE-007_mono.wav,Targets/mono/STE-007_mono.wav,target1_A0_закон_среща_четири___B,4,,
,,target1,A1,среща,срещи,срещи,f,sg,m,pl,Чиновниците обнародваха,гласуваните след,четири,изморителни,,срещи,закон,закони,закона,,A,Чиновниците обнародваха гласуваните след четири изморителни срещи,закон,STE-008,Targets,STE-008_mono.wav,Targets/mono/STE-008_mono.wav,target1_A1_закон_среща_четири_изморителни__C,5,,
,,target1,A2,среща,срещи,срещи,f,sg,m,pl,Чиновниците обнародваха,гласуваните след,четири,изморителни,извънредни,срещи,закон,закони,закона,,A,Чиновниците обнародваха гласуваните след четири изморителни извънредни срещи,закон,STE-009,Targets,STE-009_mono.wav,Targets/mono/STE-009_mono.wav,target1_A2_закон_среща_четири_изморителни_извънредни_A,6,,
,,target1,A0,улица,улици,улици,f,sg,m,pl,Геодезистите измериха,разположените между,пет,,,улици,блок,блокове,блока,,A,Геодезистите измериха разположените между пет улици,блок,STE-010,Targets,STE-010_mono.wav,Targets/mono/STE-010_mono.wav,target1_A0_блок_улица_пет___A,4,,
,,target1,A1,улица,улици,улици,f,sg,m,pl,Геодезистите измериха,разположените между,пет,тесни,,улици,блок,блокове,блока,,A,Геодезистите измериха разположените между пет тесни улици,блок,STE-011,Targets,STE-011_mono.wav,Targets/mono/STE-011_mono.wav,target1_A1_блок_улица_пет_тесни__B,5,,
,,target1,A2,улица,улици,улици,f,sg,m,pl,Геодезистите измериха,разположените между,пет,тесни,градски,улици,блок,блокове,блока,,A,Геодезистите измериха разположените между пет тесни градски улици,блок,STE-012,Targets,STE-012_mono.wav,Targets/mono/STE-012_mono.wav,target1_A2_блок_улица_пет_тесни_градски_C,6,,
,,target1,A0,компания,компании,компании,f,sg,m,pl,Ръководителите оцениха,конструираните от,шест,,,компании,робот,роботи,робота,,A,Ръководителите оцениха конструираните от шест компании,робот,STE-013,Targets,STE-013_mono.wav,Targets/mono/STE-013_mono.wav,target1_A0_робот_компания_шест___C,4,,
,,target1,A1,компания,компании,компании,f,sg,m,pl,Ръководителите оцениха,конструираните от,шест,известни,,компании,робот,роботи,робота,,A,Ръководителите оцениха конструираните от шест известни компании,робот,STE-014,Targets,STE-014_mono.wav,Targets/mono/STE-014_mono.wav,target1_A1_робот_компания_шест_известни__A,5,,
,,target1,A2,компания,компании,компании,f,sg,m,pl,Ръководителите оцениха,конструираните от,шест,известни,международни,компании,робот,роботи,робота,,A,Ръководителите оцениха конструираните от шест известни международни компании,робот,STE-015,Targets,STE-015_mono.wav,Targets/mono/STE-015_mono.wav,target1_A2_робот_компания_шест_известни_международни_B,6,,
,,target1,A0,монахиня,монахини,монахини,f,sg,m,pl,Учените разчетоха,преписаните от,седем,,,монахини,ръкопис,ръкописи,ръкописа,,A,Учените разчетоха преписаните от седем монахини,ръкопис,STE-016,Targets,STE-016_mono.wav,Targets/mono/STE-016_mono.wav,target1_A0_ръкопис_монахиня_седем___B,4,,
,,target1,A1,монахиня,монахини,монахини,f,sg,m,pl,Учените разчетоха,преписаните от,седем,начетени,,монахини,ръкопис,ръкописи,ръкописа,,A,Учените разчетоха преписаните от седем начетени монахини,ръкопис,STE-017,Targets,STE-017_mono.wav,Targets/mono/STE-017_mono.wav,target1_A1_ръкопис_монахиня_седем_начетени__C,5,,
,,target1,A2,монахиня,монахини,монахини,f,sg,m,pl,Учените разчетоха,преписаните от,седем,начетени,средновековни,монахини,ръкопис,ръкописи,ръкописа,,A,Учените разчетоха преписаните от седем начетени средновековни монахини,ръкопис,STE-018,Targets,STE-018_mono.wav,Targets/mono/STE-018_mono.wav,target1_A2_ръкопис_монахиня_седем_начетени_средновековни_A,6,,
,,target1,A0,агенция,агенции,агенции,f,sg,m,pl,Издателството публикува,преведените в,две,,,агенции,роман,романи,романа,,A,Издателството публикува преведените в две агенции,роман,STE-019,Targets,STE-019_mono.wav,Targets/mono/STE-019_mono.wav,target1_A0_роман_агенция_две___A,4,,
,,target1,A1,агенция,агенции,агенции,f,sg,m,pl,Издателството публикува,преведените в,две,влиятелни,,агенции,роман,романи,романа,,A,Издателството публикува преведените в две влиятелни агенции,роман,STE-020,Targets,STE-020_mono.wav,Targets/mono/STE-020_mono.wav,target1_A1_роман_агенция_две_влиятелни__B,5,,
,,target1,A2,агенция,агенции,агенции,f,sg,m,pl,Издателството публикува,преведените в,две,влиятелни,чуждоезични,агенции,роман,романи,романа,,A,Издателството публикува преведените в две влиятелни чуждоезични агенции,роман,STE-021,Targets,STE-021_mono.wav,Targets/mono/STE-021_mono.wav,target1_A2_роман_агенция_две_влиятелни_чуждоезични_C,6,,
,,target1,A0,студентка,студентки,студентки,f,sg,m,pl,Уредниците изложиха,фотографираните от,три,,,студентки,бик,бикове,бика,,A,Уредниците изложиха фотографираните от три студентки,бик,STE-022,Targets,STE-022_mono.wav,Targets/mono/STE-022_mono.wav,target1_A0_бик_студентка_три___C,4,,
,,target1,A1,студентка,студентки,студентки,f,sg,m,pl,Уредниците изложиха,фотографираните от,три,млади,,студентки,бик,бикове,бика,,A,Уредниците изложиха фотографираните от три млади студентки,бик,STE-023,Targets,STE-023_mono.wav,Targets/mono/STE-023_mono.wav,target1_A1_бик_студентка_три_млади__A,5,,
,,target1,A2,студентка,студентки,студентки,f,sg,m,pl,Уредниците изложиха,фотографираните от,три,млади,синеоки,студентки,бик,бикове,бика,,A,Уредниците изложиха фотографираните от три млади синеоки студентки,бик,STE-024,Targets,STE-024_mono.wav,Targets/mono/STE-024_mono.wav,target1_A2_бик_студентка_три_млади_синеоки_B,6,,
,,target1,A0,лекарка,лекарка,лекарки,f,sg,m,pl,Снабдителят достави,написаните от,четири,,,лекарки,наръчник,наръчници,наръчника,,A,Снабдителят достави написаните от четири лекарки,наръчник,STE-025,Targets,STE-025_mono.wav,Targets/mono/STE-025_mono.wav,target1_A0_наръчник_лекарка_четири___B,4,,
,,target1,A1,лекарка,лекарка,лекарки,f,sg,m,pl,Снабдителят достави,написаните от,четири,известни,,лекарки,наръчник,наръчници,наръчника,,A,Снабдителят достави написаните от четири известни лекарки,наръчник,STE-026,Targets,STE-026_mono.wav,Targets/mono/STE-026_mono.wav,target1_A1_наръчник_лекарка_четири_известни__C,5,,
,,target1,A2,лекарка,лекарка,лекарки,f,sg,m,pl,Снабдителят достави,написаните от,четири,известни,опитни,лекарки,наръчник,наръчници,наръчника,,A,Снабдителят достави написаните от четири известни опитни лекарки,наръчник,STE-027,Targets,STE-027_mono.wav,Targets/mono/STE-027_mono.wav,target1_A2_наръчник_лекарка_четири_известни_опитни_A,6,,
,,target1,A0,пътешественички,пътешественички,пътешественички,f,sg,m,pl,Екскурзоводът описваше,препоръчаните от,пет,,,пътешественички,град,градове,града,,A,Екскурзоводът описваше препоръчаните от пет пътешественички,град,STE-028,Targets,STE-028_mono.wav,Targets/mono/STE-028_mono.wav,target1_A0_град_пътешественички_пет___A,4,,
,,target1,A1,пътешественичка,пътешественички,пътешественички,f,sg,m,pl,Екскурзоводът описваше,препоръчаните от,пет,мили,,пътешественички,град,градове,града,,A,Екскурзоводът описваше препоръчаните от пет мили пътешественички,град,STE-029,Targets,STE-029_mono.wav,Targets/mono/STE-029_mono.wav,target1_A1_град_пътешественичка_пет_мили__B,5,,
,,target1,A2,пътешественичка,пътешественички,пътешественички,f,sg,m,pl,Екскурзоводът описваше,препоръчаните от,пет,мили,тъмнокоси,пътешественички,град,градове,града,,A,Екскурзоводът описваше препоръчаните от пет мили тъмнокоси пътешественички,град,STE-030,Targets,STE-030_mono.wav,Targets/mono/STE-030_mono.wav,target1_A2_град_пътешественичка_пет_мили_тъмнокоси_C,6,,
,,target1,A0,журналистка,журналистки,журналистки,f,sg,m,pl,Издателите отпечатиха,редактираните от,шест,,,журналистки,вестник,вестници,вестника,,A,Издателите отпечатиха редактираните от шест журналистки,вестник,STE-031,Targets,STE-031_mono.wav,Targets/mono/STE-031_mono.wav,target1_A0_вестник_журналистка_шест___C,4,,
,,target1,A1,журналистка,журналистки,журналистки,f,sg,m,pl,Издателите отпечатиха,редактираните от,шест,безпристрастни,,журналистки,вестник,вестници,вестника,,A,Издателите отпечатиха редактираните от шест безпристрастни журналистки,вестник,STE-032,Targets,STE-032_mono.wav,Targets/mono/STE-032_mono.wav,target1_A1_вестник_журналистка_шест_безпристрастни__A,5,,
,,target1,A2,журналистка,журналистки,журналистки,f,sg,m,pl,Издателите отпечатиха,редактираните от,шест,безпристрастни,политически,журналистки,вестник,вестници,вестника,,A,Издателите отпечатиха редактираните от шест безпристрастни политически журналистки,вестник,STE-033,Targets,STE-033_mono.wav,Targets/mono/STE-033_mono.wav,target1_A2_вестник_журналистка_шест_безпристрастни_политически_B,6,,
,,target1,A0,книжарница,книжарници,книжарници,f,sg,m,pl,Учениците търсеха,продаваните в,седем,,,книжарници,учебник,учебници,учебника,,A,Учениците търсеха продаваните в седем книжарници,учебник,STE-034,Targets,STE-034_mono.wav,Targets/mono/STE-034_mono.wav,target1_A0_учебник_книжарница_седем___B,4,,
,,target1,A1,книжарница,книжарници,книжарници,f,sg,m,pl,Учениците търсеха,продаваните в,седем,нови,,книжарници,учебник,учебници,учебника,,A,Учениците търсеха продаваните в седем нови книжарници,учебник,STE-035,Targets,STE-035_mono.wav,Targets/mono/STE-035_mono.wav,target1_A1_учебник_книжарница_седем_нови__C,5,,
,,target1,A2,книжарница,книжарници,книжарници,f,sg,m,pl,Учениците търсеха,продаваните в,седем,нови,онлайн,книжарници,учебник,учебници,учебника,,A,Учениците търсеха продаваните в седем нови онлайн книжарници,учебник,STE-036,Targets,STE-036_mono.wav,Targets/mono/STE-036_mono.wav,target1_A2_учебник_книжарница_седем_нови_онлайн_A,6,,
,,target1,A0,ключе,ключета,ключета,n,sg,m,pl,Крадците разбиха,отварящите се с,две,,,ключета,катинар,катинари,катинара,,A,Крадците разбиха отварящите се с две ключета,катинар,STE-037,Targets,STE-037_mono.wav,Targets/mono/STE-037_mono.wav,target1_A0_катинар_ключе_две___A,5,,
,,target1,A1,ключе,ключета,ключета,n,sg,m,pl,Крадците разбиха,отварящите се с,две,железни,,ключета,катинар,катинари,катинара,,A,Крадците разбиха отварящите се с две железни ключета,катинар,STE-038,Targets,STE-038_mono.wav,Targets/mono/STE-038_mono.wav,target1_A1_катинар_ключе_две_железни__B,6,,
,,target1,A2,ключе,ключета,ключета,n,sg,m,pl,Крадците разбиха,отварящите се с,две,железни,ръждясали,ключета,катинар,катинари,катинара,,A,Крадците разбиха отварящите се с две железни ръждясали ключета,катинар,STE-039,Targets,STE-039_mono.wav,Targets/mono/STE-039_mono.wav,target1_A2_катинар_ключе_две_железни_ръждясали_C,7,,
,,target1,A0,мече,мечета,мечета,n,sg,m,pl,Екипът фотографира,уплашените от,три,,,мечета,прилеп,прилепи,прилепа,,A,Екипът фотографира уплашените от три мечета,прилеп,STE-040,Targets,STE-040_mono.wav,Targets/mono/STE-040_mono.wav,target1_A0_прилеп_мече_три___C,4,,
,,target1,A1,мече,мечета,мечета,n,sg,m,pl,Екипът фотографира,уплашените от,три,мокри,,мечета,прилеп,прилепи,прилепа,,A,Екипът фотографира уплашените от три мокри мечета,прилеп,STE-041,Targets,STE-041_mono.wav,Targets/mono/STE-041_mono.wav,target1_A1_прилеп_мече_три_мокри__A,5,,
,,target1,A2,мече,мечета,мечета,n,sg,m,pl,Екипът фотографира,уплашените от,три,мокри,бели,мечета,прилеп,прилепи,прилепа,,A,Екипът фотографира уплашените от три мокри бели мечета,прилеп,STE-042,Targets,STE-042_mono.wav,Targets/mono/STE-042_mono.wav,target1_A2_прилеп_мече_три_мокри_бели_B,6,,
,,target1,A0,лекарство,лекарства,лекарства,n,sg,m,pl,Ветеринарят прегледа,лекуваните с,четири,,,лекарства,котарак,котараци,котарака,,A,Ветеринарят прегледа лекуваните с четири лекарства,котарак,STE-043,Targets,STE-043_mono.wav,Targets/mono/STE-043_mono.wav,target1_A0_котарак_лекарство_четири___B,4,,
,,target1,A1,лекарство,лекарства,лекарства,n,sg,m,pl,Ветеринарят прегледа,лекуваните с,четири,безопасни,,лекарства,котарак,котараци,котарака,,A,Ветеринарят прегледа лекуваните с четири безопасни лекарства,котарак,STE-044,Targets,STE-044_mono.wav,Targets/mono/STE-044_mono.wav,target1_A1_котарак_лекарство_четири_безопасни__C,5,,
,,target1,A2,лекарство,лекарства,лекарства,n,sg,m,pl,Ветеринарят прегледа,лекуваните с,четири,безопасни,билкови,лекарства,котарак,котараци,котарака,,A,Ветеринарят прегледа лекуваните с четири безопасни билкови лекарства,котарак,STE-045,Targets,STE-045_mono.wav,Targets/mono/STE-045_mono.wav,target1_A2_котарак_лекарство_четири_безопасни_билкови_A,6,,
,,target1,A0,гърне,гърнета,гърнета,n,sg,m,pl,Домакините изстудяваха,налетите в,пет,,,гърнета,сок,сокове,сока,,A,Домакините изстудяваха налетите в пет гърнета,сок,STE-046,Targets,STE-046_mono.wav,Targets/mono/STE-046_mono.wav,target1_A0_сок_гърне_пет___A,4,,
,,target1,A1,гърне,гърнета,гърнета,n,sg,m,pl,Домакините изстудяваха,налетите в,пет,жълти,,гърнета,сок,сокове,сока,,A,Домакините изстудяваха налетите в пет жълти гърнета,сок,STE-047,Targets,STE-047_mono.wav,Targets/mono/STE-047_mono.wav,target1_A1_сок_гърне_пет_жълти__B,5,,
,,target1,A2,гърне,гърнета,гърнета,n,sg,m,pl,Домакините изстудяваха,налетите в,пет,жълти,глинени,гърнета,сок,сокове,сока,,A,Домакините изстудяваха налетите в пет жълти глинени гърнета,сок,STE-048,Targets,STE-048_mono.wav,Targets/mono/STE-048_mono.wav,target1_A2_сок_гърне_пет_жълти_глинени_C,6,,
,,target1,A0,гласуване,гласувания,гласувания,n,sg,m,pl,Депутатите измениха,приетите след,шест,,,гласувания,документ,документи,документа,,A,Депутатите измениха приетите след шест гласувания,документ,STE-049,Targets,STE-049_mono.wav,Targets/mono/STE-049_mono.wav,target1_A0_документ_гласуване_шест___C,4,,
,,target1,A1,гласуване,гласувания,гласувания,n,sg,m,pl,Депутатите измениха,приетите след,шест,важни,,гласувания,документ,документи,документа,,A,Депутатите измениха приетите след шест важни гласувания,документ,STE-050,Targets,STE-050_mono.wav,Targets/mono/STE-050_mono.wav,target1_A1_документ_гласуване_шест_важни__A,5,,
,,target1,A2,гласуване,гласувания,гласувания,n,sg,m,pl,Депутатите измениха,приетите след,шест,важни,секционни,гласувания,документ,документи,документа,,A,Депутатите измениха приетите след шест важни секционни гласувания,документ,STE-051,Targets,STE-051_mono.wav,Targets/mono/STE-051_mono.wav,target1_A2_документ_гласуване_шест_важни_секционни_B,6,,
,,target1,A0,изпитание,изпитания,изпитания,n,sg,m,pl,Служителите разгледаха,нерешените след,седем,,,изпитания,проблем,проблеми,проблема,,A,Служителите разгледаха нерешените след седем изпитания,проблем,STE-052,Targets,STE-052_mono.wav,Targets/mono/STE-052_mono.wav,target1_A0_проблем_изпитание_седем___B,4,,
,,target1,A1,изпитание,изпитания,изпитания,n,sg,m,pl,Служителите разгледаха,нерешените след,седем,трудни,,изпитания,проблем,проблеми,проблема,,A,Служителите разгледаха нерешените след седем трудни изпитания,проблем,STE-053,Targets,STE-053_mono.wav,Targets/mono/STE-053_mono.wav,target1_A1_проблем_изпитание_седем_трудни__C,5,,
,,target1,A2,изпитание,изпитания,изпитания,n,sg,m,pl,Служителите разгледаха,нерешените след,седем,трудни,практически,изпитания,проблем,проблеми,проблема,,A,Служителите разгледаха нерешените след седем трудни практически изпитания,проблем,STE-054,Targets,STE-054_mono.wav,Targets/mono/STE-054_mono.wav,target1_A2_проблем_изпитание_седем_трудни_практически_A,6,,
,,target1,A0,овчарче,овчарчета,овчарчета,n,sg,m,pl,Ловците застреляха,опасните за,двете,,,овчарчета,вълк,вълци,вълка,,A,Ловците застреляха опасните за двете овчарчета,вълк,STE-055,Targets,STE-055_mono.wav,Targets/mono/STE-055_mono.wav,target1_A0_вълк_овчарче_двете___A,4,,
,,target1,A1,овчарче,овчарчета,овчарчета,n,sg,m,pl,Ловците застреляха,опасните за,двете,малки,,овчарчета,вълк,вълци,вълка,,A,Ловците застреляха опасните за двете малки овчарчета,вълк,STE-056,Targets,STE-056_mono.wav,Targets/mono/STE-056_mono.wav,target1_A1_вълк_овчарче_двете_малки__B,5,,
,,target1,A2,овчарче,овчарчета,овчарчета,n,sg,m,pl,Ловците застреляха,опасните за,двете,малки,смели,овчарчета,вълк,вълци,вълка,,A,Ловците застреляха опасните за двете малки смели овчарчета,вълк,STE-057,Targets,STE-057_mono.wav,Targets/mono/STE-057_mono.wav,target1_A2_вълк_овчарче_двете_малки_смели_C,6,,
,,target1,A0,плашило,плашила,плашила,n,sg,m,pl,Природозащитниците уловиха,подплашените от,три,,,плашила,орел,орли,орела,орели,A,Природозащитниците уловиха подплашените от три плашила,орел,STE-058,Targets,STE-058_mono.wav,Targets/mono/STE-058_mono.wav,target1_A0_орел_плашило_три___C,4,,
,,target1,A1,плашило,плашила,плашила,n,sg,m,pl,Природозащитниците уловиха,подплашените от,три,смешни,,плашила,орел,орли,орела,орели,A,Природозащитниците уловиха подплашените от три смешни плашила,орел,STE-059,Targets,STE-059_mono.wav,Targets/mono/STE-059_mono.wav,target1_A1_орел_плашило_три_смешни__A,5,,
,,target1,A2,плашило,плашила,плашила,n,sg,m,pl,Природозащитниците уловиха,подплашените от,три,смешни,парцаливи,плашила,орел,орли,орела,орели,A,Природозащитниците уловиха подплашените от три смешни парцаливи плашила,орел,STE-060,Targets,STE-060_mono.wav,Targets/mono/STE-060_mono.wav,target1_A2_орел_плашило_три_смешни_парцаливи_B,6,,
,,target1,A0,завоевание,завоевания,завоевания,n,sg,m,pl,Филолозите изучаваха,разпространените след,четири,,,завоевания,език,езици,езика,,A,Филолозите изучаваха разпространените след четири завоевания,език,STE-061,Targets,STE-061_mono.wav,Targets/mono/STE-061_mono.wav,target1_A0_език_завоевание_четири___B,4,,
,,target1,A1,завоевание,завоевания,завоевания,n,sg,m,pl,Филолозите изучаваха,разпространените след,четири,мащабни,,завоевания,език,езици,езика,,A,Филолозите изучаваха разпространените след четири мащабни завоевания,език,STE-062,Targets,STE-062_mono.wav,Targets/mono/STE-062_mono.wav,target1_A1_език_завоевание_четири_мащабни__C,5,,
,,target1,A2,завоевание,завоевания,завоевания,n,sg,m,pl,Филолозите изучаваха,разпространените след,четири,мащабни,исторически,завоевания,език,езици,езика,,A,Филолозите изучаваха разпространените след четири мащабни исторически завоевания,език,STE-063,Targets,STE-063_mono.wav,Targets/mono/STE-063_mono.wav,target1_A2_език_завоевание_четири_мащабни_исторически_A,6,,
,,target1,A0,момиче,момичета,момичета,n,sg,m,pl,Почетната стража положи,изплетените от,пет,,,момичета,венец,венци,венеца,,A,Почетната стража положи изплетените от пет момичета,венец,STE-064,Targets,STE-064_mono.wav,Targets/mono/STE-064_mono.wav,target1_A0_венец_момиче_пет___A,4,,
,,target1,A1,момиче,момичета,момичета,n,sg,m,pl,Почетната стража положи,изплетените от,пет,красиви,,момичета,венец,венци,венеца,,A,Почетната стража положи изплетените от пет красиви момичета,венец,STE-065,Targets,STE-065_mono.wav,Targets/mono/STE-065_mono.wav,target1_A1_венец_момиче_пет_красиви__B,5,,
,,target1,A2,момиче,момичета,момичета,n,sg,m,pl,Почетната стража положи,изплетените от,пет,красиви,стройни,момичета,венец,венци,венеца,,A,Почетната стража положи изплетените от пет красиви стройни момичета,венец,STE-066,Targets,STE-066_mono.wav,Targets/mono/STE-066_mono.wav,target1_A2_венец_момиче_пет_красиви_стройни_C,6,,
,,target1,A0,дете,деца,деца,n,sg,m,pl,Докторът излекува,отглежданите от,шест,,,деца,хамстер,хамстери,хамстера,,A,Докторът излекува отглежданите от шест деца,хамстер,STE-067,Targets,STE-067_mono.wav,Targets/mono/STE-067_mono.wav,target1_A0_хамстер_дете_шест___C,4,,
,,target1,A1,дете,деца,деца,n,sg,m,pl,Докторът излекува,отглежданите от,шест,обичливи,,деца,хамстер,хамстери,хамстера,,A,Докторът излекува отглежданите от шест обичливи деца,хамстер,STE-068,Targets,STE-068_mono.wav,Targets/mono/STE-068_mono.wav,target1_A1_хамстер_дете_шест_обичливи__A,5,,
,,target1,A2,дете,деца,деца,n,sg,m,pl,Докторът излекува,отглежданите от,шест,обичливи,грижовни,деца,хамстер,хамстери,хамстера,,A,Докторът излекува отглежданите от шест обичливи грижовни деца,хамстер,STE-069,Targets,STE-069_mono.wav,Targets/mono/STE-069_mono.wav,target1_A2_хамстер_дете_шест_обичливи_грижовни_B,6,,
,,target1,A0,обсъждане,обсъждания,обсъждания,n,sg,m,pl,Юристите промениха,одобрените след,седем,,,обсъждания,устав,устави,устава,,A,Юристите промениха одобрените след седем обсъждания,устав,STE-070,Targets,STE-070_mono.wav,Targets/mono/STE-070_mono.wav,target1_A0_устав_обсъждане_седем___B,4,,
,,target1,A1,обсъждане,обсъждания,обсъждания,n,sg,m,pl,Юристите промениха,одобрените след,седем,безкрайни,,обсъждания,устав,устави,устава,,A,Юристите промениха одобрените след седем безкрайни обсъждания,устав,STE-071,Targets,STE-071_mono.wav,Targets/mono/STE-071_mono.wav,target1_A1_устав_обсъждане_седем_безкрайни__C,5,,
,,target1,A2,обсъждане,обсъждания,обсъждания,n,sg,m,pl,Юристите промениха,одобрените след,седем,безкрайни,парламентарни,обсъждания,устав,устави,устава,,A,Юристите промениха одобрените след седем безкрайни парламентарни обсъждания,устав,STE-072,Targets,STE-072_mono.wav,Targets/mono/STE-072_mono.wav,target1_A2_устав_обсъждане_седем_безкрайни_парламентарни_A,6,,
,,filler1,A0,концерт,концерти,концерта,m,sg,f,pl,Комисията класира,участвалите в,три,,,концерта,цигуларка,цигуларки,цигуларки,,A,Комисията класира участвалите в три концерта,цигуларка,STE-001,Fillers1,STE-001_mono.wav,Fillers1/mono/STE-001_mono.wav,filler1_A0_цигуларка_концерт_три___A,4,,
,,filler1,A1,концерт,концерти,концерта,m,sg,f,pl,Комисията класира,участвалите в,три,класически,,концерта,цигуларка,цигуларки,цигуларки,,A,Комисията класира участвалите в три класически концерта,цигуларка,STE-002,Fillers1,STE-002_mono.wav,Fillers1/mono/STE-002_mono.wav,filler1_A1_цигуларка_концерт_три_класически__B,5,,
,,filler1,A2,концерт,концерти,концерта,m,sg,f,pl,Комисията класира,участвалите в,три,класически,струнни,концерта,цигуларка,цигуларки,цигуларки,,A,Комисията класира участвалите в три класически струнни концерта,цигуларка,STE-003,Fillers1,STE-003_mono.wav,Fillers1/mono/STE-003_mono.wav,filler1_A2_цигуларка_концерт_три_класически_струнни_C,6,,
,,filler1,A0,камък,камъни,камъка,m,sg,f,pl,Дърводелецът поправи,разбитите с,три,,,камъка,врата,врати,врати,,A,Дърводелецът поправи разбитите с три камъка,врата,STE-004,Fillers1,STE-004_mono.wav,Fillers1/mono/STE-004_mono.wav,filler1_A0_врата_камък_три___C,4,,
,,filler1,A1,камък,камъни,камъка,m,sg,f,pl,Дърводелецът поправи,разбитите с,три,тежки,,камъка,врата,врати,врати,,A,Дърводелецът поправи разбитите с три тежки камъка,врата,STE-005,Fillers1,STE-005_mono.wav,Fillers1/mono/STE-005_mono.wav,filler1_A1_врата_камък_три_тежки__A,5,,
,,filler1,A2,камък,камъни,камъка,m,sg,f,pl,Дърводелецът поправи,разбитите с,три,тежки,сиви,камъка,врата,врати,врати,,A,Дърводелецът поправи разбитите с три тежки сиви камъка,врата,STE-006,Fillers1,STE-006_mono.wav,Fillers1/mono/STE-006_mono.wav,filler1_A2_врата_камък_три_тежки_сиви_B,6,,
,,filler1,A0,етикет,етикети,етикета,m,sg,f,pl,Пощальонът надписа,облепените с,три,,,етикета,кутия,кутии,кутии,,A,Пощальонът надписа облепените с три етикета,кутия,STE-007,Fillers1,STE-007_mono.wav,Fillers1/mono/STE-007_mono.wav,filler1_A0_кутия_етикет_три___B,4,,
,,filler1,A1,етикет,етикети,етикета,m,sg,f,pl,Пощальонът надписа,облепените с,три,самозалепващи,,етикета,кутия,кутии,кутии,,A,Пощальонът надписа облепените с три самозалепващи етикета,кутия,STE-008,Fillers1,STE-008_mono.wav,Fillers1/mono/STE-008_mono.wav,filler1_A1_кутия_етикет_три_самозалепващи__C,5,,
,,filler1,A2,етикет,етикети,етикета,m,sg,f,pl,Пощальонът надписа,облепените с,три,самозалепващи,цветни,етикета,кутия,кутии,кутии,,A,Пощальонът надписа облепените с три самозалепващи цветни етикета,кутия,STE-009,Fillers1,STE-009_mono.wav,Fillers1/mono/STE-009_mono.wav,filler1_A2_кутия_етикет_три_самозалепващи_цветни_A,6,,
,,filler1,A0,фонд,фондове,фонда,m,sg,f,pl,Министърът откри,финансираните от,три,,,фонда,магистрала,магистрали,магистрали,,A,Министърът откри финансираните от три фонда,магистрала,STE-010,Fillers1,STE-010_mono.wav,Fillers1/mono/STE-010_mono.wav,filler1_A0_магистрала_фонд_три___A,4,,
,,filler1,A1,фонд,фондове,фонда,m,sg,f,pl,Министърът откри,финансираните от,три,европейски,,фонда,магистрала,магистрали,магистрали,,A,Министърът откри финансираните от три европейски фонда,магистрала,STE-011,Fillers1,STE-011_mono.wav,Fillers1/mono/STE-011_mono.wav,filler1_A1_магистрала_фонд_три_европейски__B,5,,
,,filler1,A2,фонд,фондове,фонда,m,sg,f,pl,Министърът откри,финансираните от,три,европейски,структурни,фонда,магистрала,магистрали,магистрали,,A,Министърът откри финансираните от три европейски структурни фонда,магистрала,STE-012,Fillers1,STE-012_mono.wav,Fillers1/mono/STE-012_mono.wav,filler1_A2_магистрала_фонд_три_европейски_структурни_C,6,,
,,filler1,A0,лъв,лъвове,лъва,m,sg,f,pl,Операторът засне,подгонените от,три,,,лъва,зебра,зебри,зебри,,A,Операторът засне подгонените от три лъва,зебра,STE-013,Fillers1,STE-013_mono.wav,Fillers1/mono/STE-013_mono.wav,filler1_A0_зебра_лъв_три___C,4,,
,,filler1,A1,лъв,лъвове,лъва,m,sg,f,pl,Операторът засне,подгонените от,три,свирепи,,лъва,зебра,зебри,зебри,,A,Операторът засне подгонените от три свирепи лъва,зебра,STE-014,Fillers1,STE-014_mono.wav,Fillers1/mono/STE-014_mono.wav,filler1_A1_зебра_лъв_три_свирепи__A,5,,
,,filler1,A2,лъв,лъвове,лъва,m,sg,f,pl,Операторът засне,подгонените от,три,свирепи,изгладнели,лъва,зебра,зебри,зебри,,A,Операторът засне подгонените от три свирепи изгладнели лъва,зебра,STE-015,Fillers1,STE-015_mono.wav,Fillers1/mono/STE-015_mono.wav,filler1_A2_зебра_лъв_три_свирепи_изгладнели_B,6,,
,,filler1,A0,град,градове,града,m,sg,f,pl,Пътешествениците посетиха,прочутите с,три,,,града,страна,страни,страни,,A,Пътешествениците посетиха прочутите с три града,страна,STE-016,Fillers1,STE-016_mono.wav,Fillers1/mono/STE-016_mono.wav,filler1_A0_страна_град_три___B,4,,
,,filler1,A1,град,градове,града,m,sg,f,pl,Пътешествениците посетиха,прочутите с,три,развити,,града,страна,страни,страни,,A,Пътешествениците посетиха прочутите с три развити града,страна,STE-017,Fillers1,STE-017_mono.wav,Fillers1/mono/STE-017_mono.wav,filler1_A1_страна_град_три_развити__C,5,,
,,filler1,A2,град,градове,града,m,sg,f,pl,Пътешествениците посетиха,прочутите с,три,развити,туристически,града,страна,страни,страни,,A,Пътешествениците посетиха прочутите с три развити туристически града,страна,STE-018,Fillers1,STE-018_mono.wav,Fillers1/mono/STE-018_mono.wav,filler1_A2_страна_град_три_развити_туристически_A,6,,
,,filler1,A0,щат,щати,щата,m,sg,f,pl,Учителят показваше,пресичащите,три,,,щата,река,реки,реки,,A,Учителят показваше пресичащите три щата,река,STE-019,Fillers1,STE-019_mono.wav,Fillers1/mono/STE-019_mono.wav,filler1_A0_река_щат_три___A,3,,
,,filler1,A1,щат,щати,щата,m,sg,f,pl,Учителят показваше,пресичащите,три,източни,,щата,река,реки,реки,,A,Учителят показваше пресичащите три източни щата,река,STE-020,Fillers1,STE-020_mono.wav,Fillers1/mono/STE-020_mono.wav,filler1_A1_река_щат_три_източни__B,4,,
,,filler1,A2,щат,щати,щата,m,sg,f,pl,Учителят показваше,пресичащите,три,източни,американски,щата,река,реки,реки,,A,Учителят показваше пресичащите три източни американски щата,река,STE-021,Fillers1,STE-021_mono.wav,Fillers1/mono/STE-021_mono.wav,filler1_A2_река_щат_три_източни_американски_C,5,,
,,filler1,A0,магазин,магазини,магазина,m,sg,f,pl,Съпругата хареса,купените от,три,,,магазина,огърлица,огърлици,огърлици,,A,Съпругата хареса купените от три магазина,огърлица,STE-022,Fillers1,STE-022_mono.wav,Fillers1/mono/STE-022_mono.wav,filler1_A0_огърлица_магазин_три___C,4,,
,,filler1,A1,магазин,магазини,магазина,m,sg,f,pl,Съпругата хареса,купените от,три,скъпи,,магазина,огърлица,огърлици,огърлици,,A,Съпругата хареса купените от три скъпи магазина,огърлица,STE-023,Fillers1,STE-023_mono.wav,Fillers1/mono/STE-023_mono.wav,filler1_A1_огърлица_магазин_три_скъпи__A,5,,
,,filler1,A2,магазин,магазини,магазина,m,sg,f,pl,Съпругата хареса,купените от,три,скъпи,златарски,магазина,огърлица,огърлици,огърлици,,A,Съпругата хареса купените от три скъпи златарски магазина,огърлица,STE-024,Fillers1,STE-024_mono.wav,Fillers1/mono/STE-024_mono.wav,filler1_A2_огърлица_магазин_три_скъпи_златарски_B,6,,
,,filler1,A0,митинг,митинги,митинга,m,sg,f,pl,Програмата включваше,организираните след,три,,,митинга,дискусия,дискусии,дискусии,,A,Програмата включваше организираните след три митинга,дискусия,STE-025,Fillers1,STE-025_mono.wav,Fillers1/mono/STE-025_mono.wav,filler1_A0_дискусия_митинг_три___B,4,,
,,filler1,A1,митинг,митинги,митинга,m,sg,f,pl,Програмата включваше,организираните след,три,разрешени,,митинга,дискусия,дискусии,дискусии,,A,Програмата включваше организираните след три разрешени митинга,дискусия,STE-026,Fillers1,STE-026_mono.wav,Fillers1/mono/STE-026_mono.wav,filler1_A1_дискусия_митинг_три_разрешени__C,5,,
,,filler1,A2,митинг,митинги,митинга,m,sg,f,pl,Програмата включваше,организираните след,три,разрешени,опозиционни,митинга,дискусия,дискусии,дискусии,,A,Програмата включваше организираните след три разрешени опозиционни митинга,дискусия,STE-027,Fillers1,STE-027_mono.wav,Fillers1/mono/STE-027_mono.wav,filler1_A2_дискусия_митинг_три_разрешени_опозиционни_A,6,,
,,filler1,A0,бор,борове,бора,m,sg,f,pl,Строителите разрушиха,намиращите се зад,три,,,бора,къща,къщи,къщи,,A,Строителите разрушиха намиращите се зад три бора,къща,STE-028,Fillers1,STE-028_mono.wav,Fillers1/mono/STE-028_mono.wav,filler1_A0_къща_бор_три___A,5,,
,,filler1,A1,бор,борове,бора,m,sg,f,pl,Строителите разрушиха,намиращите се зад,три,зелени,,бора,къща,къщи,къщи,,A,Строителите разрушиха намиращите се зад три зелени бора,къща,STE-029,Fillers1,STE-029_mono.wav,Fillers1/mono/STE-029_mono.wav,filler1_A1_къща_бор_три_зелени__B,6,,
,,filler1,A2,бор,борове,бора,m,sg,f,pl,Строителите разрушиха,намиращите се зад,три,зелени,високи,бора,къща,къщи,къщи,,A,Строителите разрушиха намиращите се зад три зелени високи бора,къща,STE-030,Fillers1,STE-030_mono.wav,Fillers1/mono/STE-030_mono.wav,filler1_A2_къща_бор_три_зелени_високи_C,7,,
,,filler1,A0,цвят,цвeтове,цвята,m,sg,f,pl,Градинарите поливаха,цъфналите с,три,,,цвята,роза,рози,рози,,A,Градинарите поливаха цъфналите с три цвята,роза,STE-031,Fillers1,STE-031_mono.wav,Fillers1/mono/STE-031_mono.wav,filler1_A0_роза_цвят_три___C,4,,
,,filler1,A1,цвят,цвeтове,цвята,m,sg,f,pl,Градинарите поливаха,цъфналите с,три,прекрасни,,цвята,роза,рози,рози,,A,Градинарите поливаха цъфналите с три прекрасни цвята,роза,STE-032,Fillers1,STE-032_mono.wav,Fillers1/mono/STE-032_mono.wav,filler1_A1_роза_цвят_три_прекрасни__A,5,,
,,filler1,A2,цвят,цвeтове,цвята,m,sg,f,pl,Градинарите поливаха,цъфналите с,три,прекрасни,червени,цвята,роза,рози,рози,,A,Градинарите поливаха цъфналите с три прекрасни червени цвята,роза,STE-033,Fillers1,STE-033_mono.wav,Fillers1/mono/STE-033_mono.wav,filler1_A2_роза_цвят_три_прекрасни_червени_B,6,,
,,filler1,A0,стол,столове,стола,m,sg,f,pl,Кошничарите заплитаха,разпростряните на,три,,,стола,пръчка,пръчки,пръчки,,A,Кошничарите заплитаха разпростряните на три стола,пръчка,STE-034,Fillers1,STE-034_mono.wav,Fillers1/mono/STE-034_mono.wav,filler1_A0_пръчка_стол_три___B,4,,
,,filler1,A1,стол,столове,стола,m,sg,f,pl,Кошничарите заплитаха,разпростряните на,три,широки,,стола,пръчка,пръчки,пръчки,,A,Кошничарите заплитаха разпростряните на три широки стола,пръчка,STE-035,Fillers1,STE-035_mono.wav,Fillers1/mono/STE-035_mono.wav,filler1_A1_пръчка_стол_три_широки__C,5,,
,,filler1,A2,стол,столове,стола,m,sg,f,pl,Кошничарите заплитаха,разпростряните на,три,широки,кафяви,стола,пръчка,пръчки,пръчки,,A,Кошничарите заплитаха разпростряните на три широки кафяви стола,пръчка,STE-036,Fillers1,STE-036_mono.wav,Fillers1/mono/STE-036_mono.wav,filler1_A2_пръчка_стол_три_широки_кафяви_A,6,,
,,filler1,A0,списание,списания,списания,n,sg,f,pl,Курсистите разискваха,публикуваните в,три,,,списания,статия,статии,статии,,A,Курсистите разискваха публикуваните в три списания,статия,STE-037,Fillers1,STE-037_mono.wav,Fillers1/mono/STE-037_mono.wav,filler1_A0_статия_списание_три___A,4,,
,,filler1,A1,списание,списания,списания,n,sg,f,pl,Курсистите разискваха,публикуваните в,три,чужди,,списания,статия,статии,статии,,A,Курсистите разискваха публикуваните в три чужди списания,статия,STE-038,Fillers1,STE-038_mono.wav,Fillers1/mono/STE-038_mono.wav,filler1_A1_статия_списание_три_чужди__B,5,,
,,filler1,A2,списание,списания,списания,n,sg,f,pl,Курсистите разискваха,публикуваните в,три,чужди,престижни,списания,статия,статии,статии,,A,Курсистите разискваха публикуваните в три чужди престижни списания,статия,STE-039,Fillers1,STE-039_mono.wav,Fillers1/mono/STE-039_mono.wav,filler1_A2_статия_списание_три_чужди_престижни_C,6,,
,,filler1,A0,пиронче,пирончета,пирончета,n,sg,f,pl,Работниците разопаковаха,закованите с,три,,,пирончета,част,части,части,,A,Работниците разопаковаха закованите с три пирончета,част,STE-040,Fillers1,STE-040_mono.wav,Fillers1/mono/STE-040_mono.wav,filler1_A0_част_пиронче_три___C,4,,
,,filler1,A1,пиронче,пирончета,пирончета,n,sg,f,pl,Работниците разопаковаха,закованите с,три,малки,,пирончета,част,части,части,,A,Работниците разопаковаха закованите с три малки пирончета,част,STE-041,Fillers1,STE-041_mono.wav,Fillers1/mono/STE-041_mono.wav,filler1_A1_част_пиронче_три_малки__A,5,,
,,filler1,A2,пиронче,пирончета,пирончета,n,sg,f,pl,Работниците разопаковаха,закованите с,три,малки,стоманени,пирончета,част,части,части,,A,Работниците разопаковаха закованите с три малки стоманени пирончета,част,STE-042,Fillers1,STE-042_mono.wav,Fillers1/mono/STE-042_mono.wav,filler1_A2_част_пиронче_три_малки_стоманени_B,6,,
,,filler1,A0,наводнение,наводнения,наводнения,n,sg,f,pl,Инженерите овладяха,настъпилите след,три,,,наводнения,щета,щети,щети,,A,Инженерите овладяха настъпилите след три наводнения,щета,STE-043,Fillers1,STE-043_mono.wav,Fillers1/mono/STE-043_mono.wav,filler1_A0_щета_наводнение_три___B,4,,
,,filler1,A1,наводнение,наводнения,наводнения,n,sg,f,pl,Инженерите овладяха,настъпилите след,три,силни,,наводнения,щета,щети,щети,,A,Инженерите овладяха настъпилите след три силни наводнения,щета,STE-044,Fillers1,STE-044_mono.wav,Fillers1/mono/STE-044_mono.wav,filler1_A1_щета_наводнение_три_силни__C,5,,
,,filler1,A2,наводнение,наводнения,наводнения,n,sg,f,pl,Инженерите овладяха,настъпилите след,три,силни,бурни,наводнения,щета,щети,щети,,A,Инженерите овладяха настъпилите след три силни бурни наводнения,щета,STE-045,Fillers1,STE-045_mono.wav,Fillers1/mono/STE-045_mono.wav,filler1_A2_щета_наводнение_три_силни_бурни_A,6,,
,,filler1,A0,вещество,вещества,вещества,n,sg,f,pl,Изобретателите анализираха,изградените от,три,,,вещества,молекула,молекули,молекули,,A,Изобретателите анализираха изградените от три вещества,молекула,STE-046,Fillers1,STE-046_mono.wav,Fillers1/mono/STE-046_mono.wav,filler1_A0_молекула_вещество_три___A,4,,
,,filler1,A1,вещество,вещества,вещества,n,sg,f,pl,Изобретателите анализираха,изградените от,три,сложни,,вещества,молекула,молекули,молекули,,A,Изобретателите анализираха изградените от три сложни вещества,молекула,STE-047,Fillers1,STE-047_mono.wav,Fillers1/mono/STE-047_mono.wav,filler1_A1_молекула_вещество_три_сложни__B,5,,
,,filler1,A2,вещество,вещества,вещества,n,sg,f,pl,Изобретателите анализираха,изградените от,три,сложни,полезни,вещества,молекула,молекули,молекули,,A,Изобретателите анализираха изградените от три сложни полезни вещества,молекула,STE-048,Fillers1,STE-048_mono.wav,Fillers1/mono/STE-048_mono.wav,filler1_A2_молекула_вещество_три_сложни_полезни_C,6,,
,,filler1,A0,ястие,ястия,ястия,n,sg,f,pl,Домакинът сервира,приготвените в,три,,,ястия,риба,риби,риби,,A,Домакинът сервира приготвените в три ястия,риба,STE-049,Fillers1,STE-049_mono.wav,Fillers1/mono/STE-049_mono.wav,filler1_A0_риба_ястие_три___C,4,,
,,filler1,A1,ястие,ястия,ястия,n,sg,f,pl,Домакинът сервира,приготвените в,три,вкусни,,ястия,риба,риби,риби,,A,Домакинът сервира приготвените в три вкусни ястия,риба,STE-050,Fillers1,STE-050_mono.wav,Fillers1/mono/STE-050_mono.wav,filler1_A1_риба_ястие_три_вкусни__A,5,,
,,filler1,A2,ястие,ястия,ястия,n,sg,f,pl,Домакинът сервира,приготвените в,три,вкусни,деликатесни,ястия,риба,риби,риби,,A,Домакинът сервира приготвените в три вкусни деликатесни ястия,риба,STE-051,Fillers1,STE-051_mono.wav,Fillers1/mono/STE-051_mono.wav,filler1_A2_риба_ястие_три_вкусни_деликатесни_B,6,,
,,filler1,A0,нападение,нападения,нападения,n,sg,f,pl,Полицаите заловиха,извършилите,три,,,нападения,престъпничка,престъпнички,престъпнички,,A,Полицаите заловиха извършилите три нападения,престъпничка,STE-052,Fillers1,STE-052_mono.wav,Fillers1/mono/STE-052_mono.wav,filler1_A0_престъпничка_нападение_три___B,3,,
,,filler1,A1,нападение,нападения,нападения,n,sg,f,pl,Полицаите заловиха,извършилите,три,страшни,,нападения,престъпничка,престъпнички,престъпнички,,A,Полицаите заловиха извършилите три страшни нападения,престъпничка,STE-053,Fillers1,STE-053_mono.wav,Fillers1/mono/STE-053_mono.wav,filler1_A1_престъпничка_нападение_три_страшни__C,4,,
,,filler1,A2,нападение,нападения,нападения,n,sg,f,pl,Полицаите заловиха,извършилите,три,страшни,терористични,нападения,престъпничка,престъпнички,престъпнички,,A,Полицаите заловиха извършилите три страшни терористични нападения,престъпничка,STE-054,Fillers1,STE-054_mono.wav,Fillers1/mono/STE-054_mono.wav,filler1_A2_престъпничка_нападение_три_страшни_терористични_A,5,,
,,filler1,A0,обжалване,обжалвания,обжалвания,n,sg,f,pl,Демонстрантите нарушиха,издадените след,три,,,обжалвания,заповед,заповеди,заповеди,,A,Демонстрантите нарушиха издадените след три обжалвания,заповед,STE-055,Fillers1,STE-055_mono.wav,Fillers1/mono/STE-055_mono.wav,filler1_A0_заповед_обжалване_три___A,4,,
,,filler1,A1,обжалване,обжалвания,обжалвания,n,sg,f,pl,Демонстрантите нарушиха,издадените след,три,очаквани,,обжалвания,заповед,заповеди,заповеди,,A,Демонстрантите нарушиха издадените след три очаквани обжалвания,заповед,STE-056,Fillers1,STE-056_mono.wav,Fillers1/mono/STE-056_mono.wav,filler1_A1_заповед_обжалване_три_очаквани__B,5,,
,,filler1,A2,обжалване,обжалвания,обжалвания,n,sg,f,pl,Демонстрантите нарушиха,издадените след,три,очаквани,спорни,обжалвания,заповед,заповеди,заповеди,,A,Демонстрантите нарушиха издадените след три очаквани спорни обжалвания,заповед,STE-057,Fillers1,STE-057_mono.wav,Fillers1/mono/STE-057_mono.wav,filler1_A2_заповед_обжалване_три_очаквани_спорни_C,6,,
,,filler1,A0,провинение,провинения,провинения,n,sg,f,pl,Съветът изключи,наказаните след,три,,,нарушения,ученичка,ученички,ученички,,A,Съветът изключи наказаните след три нарушения,ученичка,STE-058,Fillers1,STE-058_mono.wav,Fillers1/mono/STE-058_mono.wav,filler1_A0_ученичка_провинение_три___C,4,,
,,filler1,A1,провинение,провинения,провинения,n,sg,f,pl,Съветът изключи,наказаните след,три,сериозни,,нарушения,ученичка,ученички,ученички,,A,Съветът изключи наказаните след три сериозни нарушения,ученичка,STE-059,Fillers1,STE-059_mono.wav,Fillers1/mono/STE-059_mono.wav,filler1_A1_ученичка_провинение_три_сериозни__A,5,,
,,filler1,A2,провинение,провинения,провинения,n,sg,f,pl,Съветът изключи,наказаните след,три,сериозни,дисциплинарни,нарушения,ученичка,ученички,ученички,,A,Съветът изключи наказаните след три сериозни дисциплинарни нарушения,ученичка,STE-060,Fillers1,STE-060_mono.wav,Fillers1/mono/STE-060_mono.wav,filler1_A2_ученичка_провинение_три_сериозни_дисциплинарни_B,6,,
,,filler1,A0,затопляне,затопляния,затопляния,n,sg,f,pl,Изследователите намериха,оцелелите след,три,,,затопляния,мечка,мечки,мечки,,A,Изследователите намериха оцелелите след три затопляния,мечка,STE-061,Fillers1,STE-061_mono.wav,Fillers1/mono/STE-061_mono.wav,filler1_A0_мечка_затопляне_три___B,4,,
,,filler1,A1,затопляне,затопляния,затопляния,n,sg,f,pl,Изследователите намериха,оцелелите след,три,последователни,,затопляния,мечка,мечки,мечки,,A,Изследователите намериха оцелелите след три последователни затопляния,мечка,STE-062,Fillers1,STE-062_mono.wav,Fillers1/mono/STE-062_mono.wav,filler1_A1_мечка_затопляне_три_последователни__C,5,,
,,filler1,A2,затопляне,затопляния,затопляния,n,sg,f,pl,Изследователите намериха,оцелелите след,три,последователни,полярни,затопляния,мечка,мечки,мечки,,A,Изследователите намериха оцелелите след три последователни полярни затопляния,мечка,STE-063,Fillers1,STE-063_mono.wav,Fillers1/mono/STE-063_mono.wav,filler1_A2_мечка_затопляне_три_последователни_полярни_A,6,,
,,filler1,A0,момче,момчета,момчета,n,sg,f,pl,Родителите изслушаха,доволните от,три,,,момчета,учителка,учителки,учителки,,A,Родителите изслушаха доволните от три момчета,учителка,STE-064,Fillers1,STE-064_mono.wav,Fillers1/mono/STE-064_mono.wav,filler1_A0_учителка_момче_три___A,4,,
,,filler1,A1,момче,момчета,момчета,n,sg,f,pl,Родителите изслушаха,доволните от,три,всеотдайни,,момчета,учителка,учителки,учителки,,A,Родителите изслушаха доволните от три всеотдайни момчета,учителка,STE-065,Fillers1,STE-065_mono.wav,Fillers1/mono/STE-065_mono.wav,filler1_A1_учителка_момче_три_всеотдайни__B,5,,
,,filler1,A2,момче,момчета,момчета,n,sg,f,pl,Родителите изслушаха,доволните от,три,всеотдайни,работливи,момчета,учителка,учителки,учителки,,A,Родителите изслушаха доволните от три всеотдайни работливи момчета,учителка,STE-066,Fillers1,STE-066_mono.wav,Fillers1/mono/STE-066_mono.wav,filler1_A2_учителка_момче_три_всеотдайни_работливи_C,6,,
,,filler1,A0,дете,деца,деца,n,sg,f,pl,Директорът повика,ядосаните от,три,,,деца,майка,майки,майки,,A,Директорът повика ядосаните от три деца,майка,STE-067,Fillers1,STE-067_mono.wav,Fillers1/mono/STE-067_mono.wav,filler1_A0_майка_дете_три___C,4,,
,,filler1,A1,дете,деца,деца,n,sg,f,pl,Директорът повика,ядосаните от,три,невъзпитани,,деца,майка,майки,майки,,A,Директорът повика ядосаните от три невъзпитани деца,майка,STE-068,Fillers1,STE-068_mono.wav,Fillers1/mono/STE-068_mono.wav,filler1_A1_майка_дете_три_невъзпитани__A,5,,
,,filler1,A2,дете,деца,деца,n,sg,f,pl,Директорът повика,ядосаните от,три,невъзпитани,груби,деца,майка,майки,майки,,A,Директорът повика ядосаните от три невъзпитани груби деца,майка,STE-069,Fillers1,STE-069_mono.wav,Fillers1/mono/STE-069_mono.wav,filler1_A2_майка_дете_три_невъзпитани_груби_B,6,,
,,filler1,A0,момиче,момичета,момичета,n,sg,f,pl,Студентите поздравиха,харесваните от,три,,,момичета,преподавателка,преподавателка,преподавателка,,A,Студентите поздравиха харесваните от три момичета,преподавателка,STE-070,Fillers1,STE-070_mono.wav,Fillers1/mono/STE-070_mono.wav,filler1_A0_преподавателка_момиче_три___B,4,,
,,filler1,A1,момиче,момичета,момичета,n,sg,f,pl,Студентите поздравиха,харесваните от,три,добри,,момичета,преподавателка,преподавателка,преподавателка,,A,Студентите поздравиха харесваните от три добри момичета,преподавателка,STE-071,Fillers1,STE-071_mono.wav,Fillers1/mono/STE-071_mono.wav,filler1_A1_преподавателка_момиче_три_добри__C,5,,
,,filler1,A2,момиче,момичета,момичета,n,sg,f,pl,Студентите поздравиха,харесваните от,три,добри,прилежни,момичета,преподавателка,преподавателка,преподавателка,,A,Студентите поздравиха харесваните от три добри прилежни момичета,преподавателка,STE-072,Fillers1,STE-072_mono.wav,Fillers1/mono/STE-072_mono.wav,filler1_A2_преподавателка_момиче_три_добри_прилежни_A,6,,
,,filler2,A0,трактор,трактори,трактора,m,sg,m,pl,Селяните засаждаха,изораните от,,,,тракторите,терен,терени,терена,,A,Селяните засаждаха изораните от тракторите,терен,STE-001,Fillers2,STE-001_mono.wav,Fillers2/mono/STE-001_mono.wav,filler2_A0_терен_трактор____A,3,,
,,filler2,A1,трактор,трактори,трактора,m,sg,m,pl,Селяните засаждаха,изораните от,,остарелите,,трактори,терен,терени,терена,,A,Селяните засаждаха изораните от остарелите трактори,терен,STE-002,Fillers2,STE-002_mono.wav,Fillers2/mono/STE-002_mono.wav,filler2_A1_терен_трактор__остарелите__B,4,,
,,filler2,A2,трактор,трактори,трактора,m,sg,m,pl,Селяните засаждаха,изораните от,,остарелите,съветски,трактори,терен,терени,терена,,A,Селяните засаждаха изораните от остарелите съветски трактори,терен,STE-003,Fillers2,STE-003_mono.wav,Fillers2/mono/STE-003_mono.wav,filler2_A2_терен_трактор__остарелите_съветски_C,5,,
,,filler2,A0,камък,камъни,камъка,m,sg,m,pl,Майсторите ремонтираха,потрошените с,,,,камъни,прозорец,прозорци,прозореца,прозореци,A,Майсторите ремонтираха потрошените с камъни,прозорец,STE-004,Fillers2,STE-004_mono.wav,Fillers2/mono/STE-004_mono.wav,filler2_A0_прозорец_камък____C,3,,
,,filler2,A1,камък,камъни,камъка,m,sg,m,pl,Майсторите ремонтираха,потрошените със,,големи,,камъни,прозорец,прозорци,прозореца,прозореци,A,Майсторите ремонтираха потрошените със големи камъни,прозорец,STE-005,Fillers2,STE-005_mono.wav,Fillers2/mono/STE-005_mono.wav,filler2_A1_прозорец_камък__големи__A,4,,
,,filler2,A2,камък,камъни,камъка,m,sg,m,pl,Майсторите ремонтираха,потрошените със,,големи,обли,камъни,прозорец,прозорци,прозореца,прозореци,A,Майсторите ремонтираха потрошените със големи обли камъни,прозорец,STE-006,Fillers2,STE-006_mono.wav,Fillers2/mono/STE-006_mono.wav,filler2_A2_прозорец_камък__големи_обли_B,5,,
,,filler2,A0,молив,моливи,молива,m,sg,m,pl,Децата разглеждаха,очертаните с,,,,моливи,войник,войници,войника,,A,Децата разглеждаха очертаните с моливи,войник,STE-007,Fillers2,STE-007_mono.wav,Fillers2/mono/STE-007_mono.wav,filler2_A0_войник_молив____B,3,,
,,filler2,A1,молив,моливи,молива,m,sg,m,pl,Децата разглеждаха,очертаните с,,тъмни,,моливи,войник,войници,войника,,A,Децата разглеждаха очертаните с тъмни моливи,войник,STE-008,Fillers2,STE-008_mono.wav,Fillers2/mono/STE-008_mono.wav,filler2_A1_войник_молив__тъмни__C,4,,
,,filler2,A2,молив,моливи,молива,m,sg,m,pl,Децата разглеждаха,очертаните с,,тъмни,пастелни,моливи,войник,войници,войника,,A,Децата разглеждаха очертаните с тъмни пастелни моливи,войник,STE-009,Fillers2,STE-009_mono.wav,Fillers2/mono/STE-009_mono.wav,filler2_A2_войник_молив__тъмни_пастелни_A,5,,
,,filler2,A0,нож,ножове,ножа,m,sg,m,pl,Домакинята предложи,нарязаните с,,,,ножовете,домат,домати,домата,,A,Домакинята предложи нарязаните с ножовете,домат,STE-010,Fillers2,STE-010_mono.wav,Fillers2/mono/STE-010_mono.wav,filler2_A0_домат_нож____A,3,,
,,filler2,A1,нож,ножове,ножа,m,sg,m,pl,Домакинята предложи,нарязаните със,,специалните,,ножове,домат,домати,домата,,A,Домакинята предложи нарязаните със специалните ножове,домат,STE-011,Fillers2,STE-011_mono.wav,Fillers2/mono/STE-011_mono.wav,filler2_A1_домат_нож__специалните__B,4,,
,,filler2,A2,нож,ножове,ножа,m,sg,m,pl,Домакинята предложи,нарязаните със,,специалните,остри,ножове,домат,домати,домата,,A,Домакинята предложи нарязаните със специалните остри ножове,домат,STE-012,Fillers2,STE-012_mono.wav,Fillers2/mono/STE-012_mono.wav,filler2_A2_домат_нож__специалните_остри_C,5,,
,,filler2,A0,дървар,дървари,дърваря,m,sg,m,pl,Работниците забелязаха,отсечените от,,,,дърварите,орех,орехи,ореха,,A,Работниците забелязаха отсечените от дърварите,орех,STE-013,Fillers2,STE-013_mono.wav,Fillers2/mono/STE-013_mono.wav,filler2_A0_орех_дървар____C,3,,
,,filler2,A1,дървар,дървари,дърваря,m,sg,m,pl,Работниците забелязаха,отсечените от,,прегърбените,,дървари,орех,орехи,ореха,,A,Работниците забелязаха отсечените от прегърбените дървари,орех,STE-014,Fillers2,STE-014_mono.wav,Fillers2/mono/STE-014_mono.wav,filler2_A1_орех_дървар__прегърбените__A,4,,
,,filler2,A2,дървар,дървари,дърваря,m,sg,m,pl,Работниците забелязаха,отсечените от,,прегърбените,уморени,дървари,орех,орехи,ореха,,A,Работниците забелязаха отсечените от прегърбените уморени дървари,орех,STE-015,Fillers2,STE-015_mono.wav,Fillers2/mono/STE-015_mono.wav,filler2_A2_орех_дървар__прегърбените_уморени_B,5,,
,,filler2,A0,химикал,химикали,химикала,m,sg,m,pl,Участниците дискутираха,замърсените с,,,,химикали,язовир,язовири,язовира,,A,Участниците дискутираха замърсените с химикали,язовир,STE-016,Fillers2,STE-016_mono.wav,Fillers2/mono/STE-016_mono.wav,filler2_A0_язовир_химикал____B,3,,
,,filler2,A1,химикал,химикали,химикала,m,sg,m,pl,Участниците дискутираха,замърсените с,,разтворими,,химикали,язовир,язовири,язовира,,A,Участниците дискутираха замърсените с разтворими химикали,язовир,STE-017,Fillers2,STE-017_mono.wav,Fillers2/mono/STE-017_mono.wav,filler2_A1_язовир_химикал__разтворими__C,4,,
,,filler2,A2,химикал,химикали,химикала,m,sg,m,pl,Участниците дискутираха,замърсените с,,разтворими,канцерогенни,химикали,язовир,язовири,язовира,,A,Участниците дискутираха замърсените с разтворими канцерогенни химикали,язовир,STE-018,Fillers2,STE-018_mono.wav,Fillers2/mono/STE-018_mono.wav,filler2_A2_язовир_химикал__разтворими_канцерогенни_A,5,,
,,filler2,A0,предприемач,предприемачи,предприемача,m,sg,m,pl,Агенцията рекламираше,построените от,,,,предприемачите,курорт,курорти,курорта,,A,Агенцията рекламираше построените от предприемачите,курорт,STE-019,Fillers2,STE-019_mono.wav,Fillers2/mono/STE-019_mono.wav,filler2_A0_курорт_предприемач____A,3,,
,,filler2,A1,предприемач,предприемачи,предприемача,m,sg,m,pl,Агенцията рекламираше,построените от,,богатите,,предприемачи,курорт,курорти,курорта,,A,Агенцията рекламираше построените от богатите предприемачи,курорт,STE-020,Fillers2,STE-020_mono.wav,Fillers2/mono/STE-020_mono.wav,filler2_A1_курорт_предприемач__богатите__B,4,,
,,filler2,A2,предприемач,предприемачи,предприемача,m,sg,m,pl,Агенцията рекламираше,построените от,,богатите,турски,предприемачи,курорт,курорти,курорта,,A,Агенцията рекламираше построените от богатите турски предприемачи,курорт,STE-021,Fillers2,STE-021_mono.wav,Fillers2/mono/STE-021_mono.wav,filler2_A2_курорт_предприемач__богатите_турски_C,5,,
,,filler2,A0,препарат,препарати,препарата,m,sg,m,pl,Икономката прибра,изпраните с,,,,препаратите,пуловер,пуловери,пуловера,,A,Икономката прибра изпраните с препаратите,пуловер,STE-022,Fillers2,STE-022_mono.wav,Fillers2/mono/STE-022_mono.wav,filler2_A0_пуловер_препарат____C,3,,
,,filler2,A1,препарат,препарати,препарата,m,sg,m,pl,Икономката прибра,изпраните с,,екологичните,,препарати,пуловер,пуловери,пуловера,,A,Икономката прибра изпраните с екологичните препарати,пуловер,STE-023,Fillers2,STE-023_mono.wav,Fillers2/mono/STE-023_mono.wav,filler2_A1_пуловер_препарат__екологичните__A,4,,
,,filler2,A2,препарат,препарати,препарата,m,sg,m,pl,Икономката прибра,изпраните с,,екологичните,течни,препарати,пуловер,пуловери,пуловера,,A,Икономката прибра изпраните с екологичните течни препарати,пуловер,STE-024,Fillers2,STE-024_mono.wav,Fillers2/mono/STE-024_mono.wav,filler2_A2_пуловер_препарат__екологичните_течни_B,5,,
,,filler2,A0,учител,учители,учителя,m,sg,m,pl,Приятелите съжалиха,порицаните от,,,,учителите,ученик,ученици,ученика,,A,Приятелите съжалиха порицаните от учителите,ученик,STE-025,Fillers2,STE-025_mono.wav,Fillers2/mono/STE-025_mono.wav,filler2_A0_ученик_учител____B,3,,
,,filler2,A1,учител,учители,учителя,m,sg,m,pl,Приятелите съжалиха,порицаните от,,строгите,,учители,ученик,ученици,ученика,,A,Приятелите съжалиха порицаните от строгите учители,ученик,STE-026,Fillers2,STE-026_mono.wav,Fillers2/mono/STE-026_mono.wav,filler2_A1_ученик_учител__строгите__C,4,,
,,filler2,A2,учител,учители,учителя,m,sg,m,pl,Приятелите съжалиха,порицаните от,,строгите,гимназиални,учители,ученик,ученици,ученика,,A,Приятелите съжалиха порицаните от строгите гимназиални учители,ученик,STE-027,Fillers2,STE-027_mono.wav,Fillers2/mono/STE-027_mono.wav,filler2_A2_ученик_учител__строгите_гимназиални_A,5,,
,,filler2,A0,ученик,ученици,ученика,m,sg,m,pl,Психолозите лекуваха,травмираните от,,,,учениците,учител,учители,учителя,,A,Психолозите лекуваха травмираните от учениците,учител,STE-028,Fillers2,STE-028_mono.wav,Fillers2/mono/STE-028_mono.wav,filler2_A0_учител_ученик____A,3,,
,,filler2,A1,ученик,ученици,ученика,m,sg,m,pl,Психолозите лекуваха,травмираните от,,шумните,,ученици,учител,учители,учителя,,A,Психолозите лекуваха травмираните от шумните ученици,учител,STE-029,Fillers2,STE-029_mono.wav,Fillers2/mono/STE-029_mono.wav,filler2_A1_учител_ученик__шумните__B,4,,
,,filler2,A2,ученик,ученици,ученика,m,sg,m,pl,Психолозите лекуваха,травмираните от,,шумните,невъзпитани,ученици,учител,учители,учителя,,A,Психолозите лекуваха травмираните от шумните невъзпитани ученици,учител,STE-030,Fillers2,STE-030_mono.wav,Fillers2/mono/STE-030_mono.wav,filler2_A2_учител_ученик__шумните_невъзпитани_C,5,,
,,filler2,A0,редактор,редактори,редактора,m,sg,m,pl,Печатницата издаде,поправените от,,,,редакторите,роман,романи,романа,,A,Печатницата издаде поправените от редакторите,роман,STE-031,Fillers2,STE-031_mono.wav,Fillers2/mono/STE-031_mono.wav,filler2_A0_роман_редактор____C,3,,
,,filler2,A1,редактор,редактори,редактора,m,sg,m,pl,Печатницата издаде,поправените от,,внимателните,,редактори,роман,романи,романа,,A,Печатницата издаде поправените от внимателните редактори,роман,STE-032,Fillers2,STE-032_mono.wav,Fillers2/mono/STE-032_mono.wav,filler2_A1_роман_редактор__внимателните__A,4,,
,,filler2,A2,редактор,редактори,редактора,m,sg,m,pl,Печатницата издаде,поправените от,,внимателните,дългогодишни,редактори,роман,романи,романа,,A,Печатницата издаде поправените от внимателните дългогодишни редактори,роман,STE-033,Fillers2,STE-033_mono.wav,Fillers2/mono/STE-033_mono.wav,filler2_A2_роман_редактор__внимателните_дългогодишни_B,5,,
,,filler2,A0,тир,тирове,тира,m,sg,m,pl,Полицията идентифицира,превозените от,,,,тировете,емигрант,емигранти,емигранта,,A,Полицията идентифицира превозените от тировете,емигрант,STE-034,Fillers2,STE-034_mono.wav,Fillers2/mono/STE-034_mono.wav,filler2_A0_емигрант_тир____B,3,,
,,filler2,A1,тир,тирове,тира,m,sg,m,pl,Полицията идентифицира,превозените от,,големите,,тирове,емигрант,емигранти,емигранта,,A,Полицията идентифицира превозените от големите тирове,емигрант,STE-035,Fillers2,STE-035_mono.wav,Fillers2/mono/STE-035_mono.wav,filler2_A1_емигрант_тир__големите__C,4,,
,,filler2,A2,тир,тирове,тира,m,sg,m,pl,Полицията идентифицира,превозените от,,големите,немски,тирове,емигрант,емигранти,емигранта,,A,Полицията идентифицира превозените от големите немски тирове,емигрант,STE-036,Fillers2,STE-036_mono.wav,Fillers2/mono/STE-036_mono.wav,filler2_A2_емигрант_тир__големите_немски_A,5,,
,,filler2,A0,дама,дами,дами,f,sg,m,pl,Служителите показаха,съхраняваните от,,,,дамите,гирлянд,гирлянди,гирлянда,,A,Служителите показаха съхраняваните от дамите,гирлянд,STE-037,Fillers2,STE-037_mono.wav,Fillers2/mono/STE-037_mono.wav,filler2_A0_гирлянд_дама____A,3,,
,,filler2,A1,дама,дами,дами,f,sg,m,pl,Служителите показаха,съхраняваните от,,елегантните,,дами,гирлянд,гирлянди,гирлянда,,A,Служителите показаха съхраняваните от елегантните дами,гирлянд,STE-038,Fillers2,STE-038_mono.wav,Fillers2/mono/STE-038_mono.wav,filler2_A1_гирлянд_дама__елегантните__B,4,,
,,filler2,A2,дама,дами,дами,f,sg,m,pl,Служителите показаха,съхраняваните от,,елегантните,миловидни,дами,гирлянд,гирлянди,гирлянда,,A,Служителите показаха съхраняваните от елегантните миловидни дами,гирлянд,STE-039,Fillers2,STE-039_mono.wav,Fillers2/mono/STE-039_mono.wav,filler2_A2_гирлянд_дама__елегантните_миловидни_C,5,,
,,filler2,A0,компания,компании,компании,f,sg,m,pl,Аптекарите продаваха,рекламираните от,,,,компаниите,крем,кремове,крема,,A,Аптекарите продаваха рекламираните от компаниите,крем,STE-040,Fillers2,STE-040_mono.wav,Fillers2/mono/STE-040_mono.wav,filler2_A0_крем_компания____C,3,,
,,filler2,A1,компания,компании,компании,f,sg,m,pl,Аптекарите продаваха,рекламираните от,,френските,,компании,крем,кремове,крема,,A,Аптекарите продаваха рекламираните от френските компании,крем,STE-041,Fillers2,STE-041_mono.wav,Fillers2/mono/STE-041_mono.wav,filler2_A1_крем_компания__френските__A,4,,
,,filler2,A2,компания,компании,компании,f,sg,m,pl,Аптекарите продаваха,рекламираните от,,френски,фармацевтични,компании,крем,кремове,крема,,A,Аптекарите продаваха рекламираните от френски фармацевтични компании,крем,STE-042,Fillers2,STE-042_mono.wav,Fillers2/mono/STE-042_mono.wav,filler2_A2_крем_компания__френски_фармацевтични_B,5,,
,,filler2,A0,стена,стени,стени,f,sg,m,pl,Собствениците съзряха,хвърлените по,,,,стените,камък,камъни,камъка,,A,Собствениците съзряха хвърлените по стените,камък,STE-043,Fillers2,STE-043_mono.wav,Fillers2/mono/STE-043_mono.wav,filler2_A0_камък_стена____B,3,,
,,filler2,A1,стена,стени,стени,f,sg,m,pl,Собствениците съзряха,хвърлените по,,външните,,стени,камък,камъни,камъка,,A,Собствениците съзряха хвърлените по външните стени,камък,STE-044,Fillers2,STE-044_mono.wav,Fillers2/mono/STE-044_mono.wav,filler2_A1_камък_стена__външните__C,4,,
,,filler2,A2,стена,стени,стени,f,sg,m,pl,Собствениците съзряха,хвърлените по,,външните,белосани,стени,камък,камъни,камъка,,A,Собствениците съзряха хвърлените по външните белосани стени,камък,STE-045,Fillers2,STE-045_mono.wav,Fillers2/mono/STE-045_mono.wav,filler2_A2_камък_стена__външните_белосани_A,5,,
,,filler2,A0,среща,срещи,срещи,f,sg,m,pl,Коректорите провериха,разписаните след,,,,срещите,документ,документи,документа,,A,Коректорите провериха разписаните след срещите,документ,STE-046,Fillers2,STE-046_mono.wav,Fillers2/mono/STE-046_mono.wav,filler2_A0_документ_среща____A,3,,
,,filler2,A1,среща,срещи,срещи,f,sg,m,pl,Коректорите провериха,разписаните след,,късните,,срещи,документ,документи,документа,,A,Коректорите провериха разписаните след късните срещи,документ,STE-047,Fillers2,STE-047_mono.wav,Fillers2/mono/STE-047_mono.wav,filler2_A1_документ_среща__късните__B,4,,
,,filler2,A2,среща,срещи,срещи,f,sg,m,pl,Коректорите провериха,разписаните след,,късните,среднощни,срещи,документ,документи,документа,,A,Коректорите провериха разписаните след късните среднощни срещи,документ,STE-048,Fillers2,STE-048_mono.wav,Fillers2/mono/STE-048_mono.wav,filler2_A2_документ_среща__късните_среднощни_C,5,,
,,filler2,A0,девойка,девойки,девойки,f,sg,m,pl,Злосторници откъснаха,засадените от,,,,девойките,карамфил,карамфили,карамфила,,A,Злосторници откъснаха засадените от девойките,карамфил,STE-049,Fillers2,STE-049_mono.wav,Fillers2/mono/STE-049_mono.wav,filler2_A0_карамфил_девойка____C,3,,
,,filler2,A1,девойка,девойки,девойки,f,sg,m,pl,Злосторници откъснаха,засадените от,,напетите,,девойки,карамфил,карамфили,карамфила,,A,Злосторници откъснаха засадените от напетите девойки,карамфил,STE-050,Fillers2,STE-050_mono.wav,Fillers2/mono/STE-050_mono.wav,filler2_A1_карамфил_девойка__напетите__A,4,,
,,filler2,A2,девойка,девойки,девойки,f,sg,m,pl,Злосторници откъснаха,засадените от,,напетите,русокоси,девойки,карамфил,карамфили,карамфила,,A,Злосторници откъснаха засадените от напетите русокоси девойки,карамфил,STE-051,Fillers2,STE-051_mono.wav,Fillers2/mono/STE-051_mono.wav,filler2_A2_карамфил_девойка__напетите_русокоси_B,5,,
,,filler2,A0,фермерка,фермерки,фермерки,f,sg,m,pl,Шофьорите натовариха,отгледаните от,,,,фермерките,овен,овни,овена,овени,A,Шофьорите натовариха отгледаните от фермерките,овен,STE-052,Fillers2,STE-052_mono.wav,Fillers2/mono/STE-052_mono.wav,filler2_A0_овен_фермерка____B,3,,
,,filler2,A1,фермерка,фермерки,фермерки,f,sg,m,pl,Шофьорите натовариха,отгледаните от,,старите,,фермерки,овен,овни,овена,овени,A,Шофьорите натовариха отгледаните от старите фермерки,овен,STE-053,Fillers2,STE-053_mono.wav,Fillers2/mono/STE-053_mono.wav,filler2_A1_овен_фермерка__старите__C,4,,
,,filler2,A2,фермерка,фермерки,фермерки,f,sg,m,pl,Шофьорите натовариха,отгледаните от,,старите,побелели,фермерки,овен,овни,овена,овени,A,Шофьорите натовариха отгледаните от старите побелели фермерки,овен,STE-054,Fillers2,STE-054_mono.wav,Fillers2/mono/STE-054_mono.wav,filler2_A2_овен_фермерка__старите_побелели_A,5,,
,,filler2,A0,шивачка,шивачки,шивачки,f,sg,m,pl,Младежите изкупиха,разкроените от,,,,шивачките,панталон,панталони,панталона,,A,Младежите изкупиха разкроените от шивачките,панталон,STE-055,Fillers2,STE-055_mono.wav,Fillers2/mono/STE-055_mono.wav,filler2_A0_панталон_шивачка____A,3,,
,,filler2,A1,шивачка,шивачки,шивачки,f,sg,m,pl,Младежите изкупиха,разкроените от,,модните,,шивачки,панталон,панталони,панталона,,A,Младежите изкупиха разкроените от модните шивачки,панталон,STE-056,Fillers2,STE-056_mono.wav,Fillers2/mono/STE-056_mono.wav,filler2_A1_панталон_шивачка__модните__B,4,,
,,filler2,A2,шивачка,шивачки,шивачки,f,sg,m,pl,Младежите изкупиха,разкроените от,,модните,парижки,шивачки,панталон,панталони,панталона,,A,Младежите изкупиха разкроените от модните парижки шивачки,панталон,STE-057,Fillers2,STE-057_mono.wav,Fillers2/mono/STE-057_mono.wav,filler2_A2_панталон_шивачка__модните_парижки_C,5,,
,,filler2,A0,домакиня,домакини,домакини,f,sg,m,pl,Децата подредиха,почистените от,,,,домакините,гардероб,гардероби,гардероба,,A,Децата подредиха почистените от домакините,гардероб,STE-058,Fillers2,STE-058_mono.wav,Fillers2/mono/STE-058_mono.wav,filler2_A0_гардероб_домакиня____C,3,,
,,filler2,A1,домакиня,домакини,домакини,f,sg,m,pl,Децата подредиха,почистените от,,сръчните,,домакини,гардероб,гардероби,гардероба,,A,Децата подредиха почистените от сръчните домакини,гардероб,STE-059,Fillers2,STE-059_mono.wav,Fillers2/mono/STE-059_mono.wav,filler2_A1_гардероб_домакиня__сръчните__A,4,,
,,filler2,A2,домакиня,домакини,домакини,f,sg,m,pl,Децата подредиха,почистените от,,сръчните,трудолюбиви,домакини,гардероб,гардероби,гардероба,,A,Децата подредиха почистените от сръчните трудолюбиви домакини,гардероб,STE-060,Fillers2,STE-060_mono.wav,Fillers2/mono/STE-060_mono.wav,filler2_A2_гардероб_домакиня__сръчните_трудолюбиви_B,5,,
,,filler2,A0,фирма,фирми,фирми,f,sg,m,pl,Работниците окачиха,подарените от,,,,фирмите,портрет,портрети,портрета,,A,Работниците окачиха подарените от фирмите,портрет,STE-061,Fillers2,STE-061_mono.wav,Fillers2/mono/STE-061_mono.wav,filler2_A0_портрет_фирма____B,3,,
,,filler2,A1,фирма,фирми,фирми,f,sg,m,pl,Работниците окачиха,подарените от,,успешните,,фирми,портрет,портрети,портрета,,A,Работниците окачиха подарените от успешните фирми,портрет,STE-062,Fillers2,STE-062_mono.wav,Fillers2/mono/STE-062_mono.wav,filler2_A1_портрет_фирма__успешните__C,4,,
,,filler2,A2,фирма,фирми,фирми,f,sg,m,pl,Работниците окачиха,подарените от,,успешните,търговски,фирми,портрет,портрети,портрета,,A,Работниците окачиха подарените от успешните търговски фирми,портрет,STE-063,Fillers2,STE-063_mono.wav,Fillers2/mono/STE-063_mono.wav,filler2_A2_портрет_фирма__успешните_търговски_A,5,,
,,filler2,A0,жена,жени,жени,f,sg,m,pl,Въстаниците развяваха,ушитите от,,,,жените,байрак,байраци,байрака,,A,Въстаниците развяваха ушитите от жените,байрак,STE-064,Fillers2,STE-064_mono.wav,Fillers2/mono/STE-064_mono.wav,filler2_A0_байрак_жена____A,3,,
,,filler2,A1,жена,жени,жени,f,sg,m,pl,Въстаниците развяваха,ушитите от,,безстрашните,,жени,байрак,байраци,байрака,,A,Въстаниците развяваха ушитите от безстрашните жени,байрак,STE-065,Fillers2,STE-065_mono.wav,Fillers2/mono/STE-065_mono.wav,filler2_A1_байрак_жена__безстрашните__B,4,,
,,filler2,A2,жена,жени,жени,f,sg,m,pl,Въстаниците развяваха,ушитите от,,безстрашните,непокорни,жени,байрак,байраци,байрака,,A,Въстаниците развяваха ушитите от безстрашните непокорни жени,байрак,STE-066,Fillers2,STE-066_mono.wav,Fillers2/mono/STE-066_mono.wav,filler2_A2_байрак_жена__безстрашните_непокорни_C,5,,
,,filler2,A0,стопанка,стопанки,стопанки,f,sg,m,pl,Журито оценяваше,обучените от,,,,стопанките,далматинец,далматинци,далматинеца,,A,Журито оценяваше обучените от стопанките,далматинец,STE-067,Fillers2,STE-067_mono.wav,Fillers2/mono/STE-067_mono.wav,filler2_A0_далматинец_стопанка____C,3,,
,,filler2,A1,стопанка,стопанки,стопанки,f,sg,m,pl,Журито оценяваше,обучените от,,усърдните,,стопанки,далматинец,далматинци,далматинеца,,A,Журито оценяваше обучените от усърдните стопанки,далматинец,STE-068,Fillers2,STE-068_mono.wav,Fillers2/mono/STE-068_mono.wav,filler2_A1_далматинец_стопанка__усърдните__A,4,,
,,filler2,A2,стопанка,стопанки,стопанки,f,sg,m,pl,Журито оценяваше,обучените от,,усърдните,упорити,стопанки,далматинец,далматинци,далматинеца,,A,Журито оценяваше обучените от усърдните упорити стопанки,далматинец,STE-069,Fillers2,STE-069_mono.wav,Fillers2/mono/STE-069_mono.wav,filler2_A2_далматинец_стопанка__усърдните_упорити_B,5,,
,,filler2,A0,художничка,художнички,художнички,f,sg,m,pl,Кметът посети,реставрираните от,,,,художничките,дворец,дворци,двореца,,A,Кметът посети реставрираните от художничките,дворец,STE-070,Fillers2,STE-070_mono.wav,Fillers2/mono/STE-070_mono.wav,filler2_A0_дворец_художничка____B,3,,
,,filler2,A1,художничка,художнички,художнички,f,sg,m,pl,Кметът посети,реставрираните от,,дипломираните,,художнички,дворец,дворци,двореца,,A,Кметът посети реставрираните от дипломираните художнички,дворец,STE-071,Fillers2,STE-071_mono.wav,Fillers2/mono/STE-071_mono.wav,filler2_A1_дворец_художничка__дипломираните__C,4,,
,,filler2,A2,художничка,художнички,художнички,f,sg,m,pl,Кметът посети,реставрираните от,,дипломираните,италиански,художнички,дворец,дворци,двореца,,A,Кметът посети реставрираните от дипломираните италиански художнички,дворец,STE-072,Fillers2,STE-072_mono.wav,Fillers2/mono/STE-072_mono.wav,filler2_A2_дворец_художничка__дипломираните_италиански_A,5,,
,,filler3,A0,дъжд,дъждове,дъжда,m,sg,f,pl,Момичетата изпраха,намокрените от,,,,дъждовете,рокля,рокли,рокли,,A,Момичетата изпраха намокрените от дъждовете,рокля,STE-001,Fillers3,STE-001_mono.wav,Fillers3/mono/STE-001_mono.wav,filler3_A0_рокля_дъжд____A,3,,
,,filler3,A1,дъжд,дъждове,дъжда,m,sg,f,pl,Момичетата изпраха,намокрените от,,проливните,,дъждове,рокля,рокли,рокли,,A,Момичетата изпраха намокрените от проливните дъждове,рокля,STE-002,Fillers3,STE-002_mono.wav,Fillers3/mono/STE-002_mono.wav,filler3_A1_рокля_дъжд__проливните__B,4,,
,,filler3,A2,дъжд,дъждове,дъжда,m,sg,f,pl,Момичетата изпраха,намокрените от,,проливните,майски,дъждове,рокля,рокли,рокли,,A,Момичетата изпраха намокрените от проливните майски дъждове,рокля,STE-003,Fillers3,STE-003_mono.wav,Fillers3/mono/STE-003_mono.wav,filler3_A2_рокля_дъжд__проливните_майски_C,5,,
,,filler3,A0,фотоапарат,фотоапарати,фотоапарата,m,sg,f,pl,Стажантът разпечатa,направените с,,,,фотоапаратите,снимка,снимки,снимки,,A,Стажантът разпечатa направените с фотоапаратите,снимка,STE-004,Fillers3,STE-004_mono.wav,Fillers3/mono/STE-004_mono.wav,filler3_A0_снимка_фотоапарат____C,3,,
,,filler3,A1,фотоапарат,фотоапарати,фотоапарата,m,sg,f,pl,Стажантът разпечатa,направените със,,съвременните,,фотоапарати,снимка,снимки,снимки,,A,Стажантът разпечатa направените със съвременните фотоапарати,снимка,STE-005,Fillers3,STE-005_mono.wav,Fillers3/mono/STE-005_mono.wav,filler3_A1_снимка_фотоапарат__съвременните__A,4,,
,,filler3,A2,фотоапарат,фотоапарати,фотоапарата,m,sg,f,pl,Стажантът разпечатa,направените със,,съвременните,японски,фотоапарати,снимка,снимки,снимки,,A,Стажантът разпечатa направените със съвременните японски фотоапарати,снимка,STE-006,Fillers3,STE-006_mono.wav,Fillers3/mono/STE-006_mono.wav,filler3_A2_снимка_фотоапарат__съвременните_японски_B,5,,
,,filler3,A0,зоомагазин,зоомагазини,зоомагазина,m,sg,f,pl,Минувачите видяха,избягалите от,,,,зоомагазините,котка,котки,котки,,A,Минувачите видяха избягалите от зоомагазините,котка,STE-007,Fillers3,STE-007_mono.wav,Fillers3/mono/STE-007_mono.wav,filler3_A0_котка_зоомагазин____B,3,,
,,filler3,A1,зоомагазин,зоомагазини,зоомагазина,m,sg,f,pl,Минувачите видяха,избягалите от,,близките,,зоомагазини,котка,котки,котки,,A,Минувачите видяха избягалите от близките зоомагазини,котка,STE-008,Fillers3,STE-008_mono.wav,Fillers3/mono/STE-008_mono.wav,filler3_A1_котка_зоомагазин__близките__C,4,,
,,filler3,A2,зоомагазин,зоомагазини,зоомагазина,m,sg,f,pl,Минувачите видяха,избягалите от,,близките,специализирани,зоомагазини,котка,котки,котки,,A,Минувачите видяха избягалите от близките специализирани зоомагазини,котка,STE-009,Fillers3,STE-009_mono.wav,Fillers3/mono/STE-009_mono.wav,filler3_A2_котка_зоомагазин__близките_специализирани_A,5,,
,,filler3,A0,хладилник,хладилници,хладилника,m,sg,f,pl,Готвачите приготвиха,замразените в,,,,хладилниците,пъстърва,пъстърви,пъстърви,,A,Готвачите приготвиха замразените в хладилниците,пъстърва,STE-010,Fillers3,STE-010_mono.wav,Fillers3/mono/STE-010_mono.wav,filler3_A0_пъстърва_хладилник____A,3,,
,,filler3,A1,хладилник,хладилници,хладилника,m,sg,f,pl,Готвачите приготвиха,замразените в,,черните,,хладилници,пъстърва,пъстърви,пъстърви,,A,Готвачите приготвиха замразените в черните хладилници,пъстърва,STE-011,Fillers3,STE-011_mono.wav,Fillers3/mono/STE-011_mono.wav,filler3_A1_пъстърва_хладилник__черните__B,4,,
,,filler3,A2,хладилник,хладилници,хладилника,m,sg,f,pl,Готвачите приготвиха,замразените в,,черните,домашни,хладилници,пъстърва,пъстърви,пъстърви,,A,Готвачите приготвиха замразените в черните домашни хладилници,пъстърва,STE-012,Fillers3,STE-012_mono.wav,Fillers3/mono/STE-012_mono.wav,filler3_A2_пъстърва_хладилник__черните_домашни_C,5,,
,,filler3,A0,съдия,съдии,съдии,m,sg,f,pl,Полицаите охраняваха,осъдените от,,,,съдиите,терористка,терористки,терористки,,A,Полицаите охраняваха осъдените от съдиите,терористка,STE-013,Fillers3,STE-013_mono.wav,Fillers3/mono/STE-013_mono.wav,filler3_A0_терористка_съдия____C,3,,
,,filler3,A1,съдия,съдии,съдии,m,sg,f,pl,Полицаите охраняваха,осъдените от,,безкомпромисните,,съдии,терористка,терористки,терористки,,A,Полицаите охраняваха осъдените от безкомпромисните съдии,терористка,STE-014,Fillers3,STE-014_mono.wav,Fillers3/mono/STE-014_mono.wav,filler3_A1_терористка_съдия__безкомпромисните__A,4,,
,,filler3,A2,съдия,съдии,съдии,m,sg,f,pl,Полицаите охраняваха,осъдените от,,безкомпромисните,неподкупни,съдии,терористка,терористки,терористки,,A,Полицаите охраняваха осъдените от безкомпромисните неподкупни съдии,терористка,STE-015,Fillers3,STE-015_mono.wav,Fillers3/mono/STE-015_mono.wav,filler3_A2_терористка_съдия__безкомпромисните_неподкупни_B,5,,
,,filler3,A0,учител,учители,учителя,m,sg,f,pl,Педагозите обсъждаха,коригираните от,,,,учителите,работа,работи,работи,,A,Педагозите обсъждаха коригираните от учителите,работа,STE-016,Fillers3,STE-016_mono.wav,Fillers3/mono/STE-016_mono.wav,filler3_A0_работа_учител____B,3,,
,,filler3,A1,учител,учители,учителя,m,sg,f,pl,Педагозите обсъждаха,коригираните от,,старателните,,учители,работа,работи,работи,,A,Педагозите обсъждаха коригираните от старателните учители,работа,STE-017,Fillers3,STE-017_mono.wav,Fillers3/mono/STE-017_mono.wav,filler3_A1_работа_учител__старателните__C,4,,
,,filler3,A2,учител,учители,учителя,m,sg,f,pl,Педагозите обсъждаха,коригираните от,,старателните,гимназиални,учители,работа,работи,работи,,A,Педагозите обсъждаха коригираните от старателните гимназиални учители,работа,STE-018,Fillers3,STE-018_mono.wav,Fillers3/mono/STE-018_mono.wav,filler3_A2_работа_учител__старателните_гимназиални_A,5,,
,,filler3,A0,селянин,селяни,селянина,m,sg,f,pl,Бригадата зася,обработените от,,,,селяните,нива,ниви,ниви,,A,Бригадата зася обработените от селяните,нива,STE-019,Fillers3,STE-019_mono.wav,Fillers3/mono/STE-019_mono.wav,filler3_A0_нива_селянин____A,3,,
,,filler3,A1,селянин,селяни,селянина,m,sg,f,pl,Бригадата зася,обработените от,,загорелите,,селяни,нива,ниви,ниви,,A,Бригадата зася обработените от загорелите селяни,нива,STE-020,Fillers3,STE-020_mono.wav,Fillers3/mono/STE-020_mono.wav,filler3_A1_нива_селянин__загорелите__B,4,,
,,filler3,A2,селянин,селяни,селянина,m,sg,f,pl,Бригадата зася,обработените от,,загорелите,засмени,селяни,нива,ниви,ниви,,A,Бригадата зася обработените от загорелите засмени селяни,нива,STE-021,Fillers3,STE-021_mono.wav,Fillers3/mono/STE-021_mono.wav,filler3_A2_нива_селянин__загорелите_засмени_C,5,,
,,filler3,A0,народ,народи,народа,m,sg,f,pl,Хората спазваха,характерните за,,,,народите,традиция,традиции,традиции,,A,Хората спазваха характерните за народите,традиция,STE-022,Fillers3,STE-022_mono.wav,Fillers3/mono/STE-022_mono.wav,filler3_A0_традиция_народ____C,3,,
,,filler3,A1,народ,народи,народа,m,sg,f,pl,Хората спазваха,характерните за,,древните,,народи,традиция,традиции,традиции,,A,Хората спазваха характерните за древните народи,традиция,STE-023,Fillers3,STE-023_mono.wav,Fillers3/mono/STE-023_mono.wav,filler3_A1_традиция_народ__древните__A,4,,
,,filler3,A2,народ,народи,народа,m,sg,f,pl,Хората спазваха,характерните за,,древните,ескимоски,народи,традиция,традиции,традиции,,A,Хората спазваха характерните за древните ескимоски народи,традиция,STE-024,Fillers3,STE-024_mono.wav,Fillers3/mono/STE-024_mono.wav,filler3_A2_традиция_народ__древните_ескимоски_B,5,,
,,filler3,A0,стопанин,стопани,стопанина,m,sg,f,pl,Пастирите изведоха,издоените от,,,,стопаните,крава,крави,крави,,A,Пастирите изведоха издоените от стопаните,крава,STE-025,Fillers3,STE-025_mono.wav,Fillers3/mono/STE-025_mono.wav,filler3_A0_крава_стопанин____B,3,,
,,filler3,A1,стопанин,стопани,стопанина,m,sg,f,pl,Пастирите изведоха,издоените от,,отрудените,,стопани,крава,крави,крави,,A,Пастирите изведоха издоените от отрудените стопани,крава,STE-026,Fillers3,STE-026_mono.wav,Fillers3/mono/STE-026_mono.wav,filler3_A1_крава_стопанин__отрудените__C,4,,
,,filler3,A2,стопанин,стопани,стопанина,m,sg,f,pl,Пастирите изведоха,издоените от,,отрудените,селски,стопани,крава,крави,крави,,A,Пастирите изведоха издоените от отрудените селски стопани,крава,STE-027,Fillers3,STE-027_mono.wav,Fillers3/mono/STE-027_mono.wav,filler3_A2_крава_стопанин__отрудените_селски_A,5,,
,,filler3,A0,регион,региони,региона,m,sg,f,pl,Пациентите очакваха,известните в,,,,регионите,докторка,докторки,докторки,,A,Пациентите очакваха известните в регионите,докторка,STE-028,Fillers3,STE-028_mono.wav,Fillers3/mono/STE-028_mono.wav,filler3_A0_докторка_регион____A,3,,
,,filler3,A1,регион,региони,региона,m,sg,f,pl,Пациентите очакваха,известните в,,отдалечените,,региони,докторка,докторки,докторки,,A,Пациентите очакваха известните в отдалечените региони,докторка,STE-029,Fillers3,STE-029_mono.wav,Fillers3/mono/STE-029_mono.wav,filler3_A1_докторка_регион__отдалечените__B,4,,
,,filler3,A2,регион,региони,региона,m,sg,f,pl,Пациентите очакваха,известните в,,отдалечените,крайморски,региони,докторка,докторки,докторки,,A,Пациентите очакваха известните в отдалечените крайморски региони,докторка,STE-030,Fillers3,STE-030_mono.wav,Fillers3/mono/STE-030_mono.wav,filler3_A2_докторка_регион__отдалечените_крайморски_C,5,,
,,filler3,A0,посетител,посетители,посетителя,m,sg,f,pl,Астрономите изследваха,впечатляващите,,,,посетителите,звезда,звезди,звезди,,A,Астрономите изследваха впечатляващите посетителите,звезда,STE-031,Fillers3,STE-031_mono.wav,Fillers3/mono/STE-031_mono.wav,filler3_A0_звезда_посетител____C,2,,
,,filler3,A1,посетител,посетители,посетителя,m,sg,f,pl,Астрономите изследваха,впечатляващите,,многобройните,,посетители,звезда,звезди,звезди,,A,Астрономите изследваха впечатляващите многобройните посетители,звезда,STE-032,Fillers3,STE-032_mono.wav,Fillers3/mono/STE-032_mono.wav,filler3_A1_звезда_посетител__многобройните__A,3,,
,,filler3,A2,посетител,посетители,посетителя,m,sg,f,pl,Астрономите изследваха,впечатляващите,,многобройните,любознателни,посетители,звезда,звезди,звезди,,A,Астрономите изследваха впечатляващите многобройните любознателни посетители,звезда,STE-033,Fillers3,STE-033_mono.wav,Fillers3/mono/STE-033_mono.wav,filler3_A2_звезда_посетител__многобройните_любознателни_B,4,,
,,filler3,A0,вълк,вълци,вълка,m,sg,f,pl,Санитарите обработиха,ранените от,,,,вълците,пациентка,пациентки,пациентки,,A,Санитарите обработиха ранените от вълците,пациентка,STE-034,Fillers3,STE-034_mono.wav,Fillers3/mono/STE-034_mono.wav,filler3_A0_пациентка_вълк____B,3,,
,,filler3,A1,вълк,вълци,вълка,m,sg,f,pl,Санитарите обработиха,ранените от,,изгладнелите,,вълци,пациентка,пациентки,пациентки,,A,Санитарите обработиха ранените от изгладнелите вълци,пациентка,STE-035,Fillers3,STE-035_mono.wav,Fillers3/mono/STE-035_mono.wav,filler3_A1_пациентка_вълк__изгладнелите__C,4,,
,,filler3,A2,вълк,вълци,вълка,m,sg,f,pl,Санитарите обработиха,ранените от,,изгладнелите,озверели,вълци,пациентка,пациентки,пациентки,,A,Санитарите обработиха ранените от изгладнелите озверели вълци,пациентка,STE-036,Fillers3,STE-036_mono.wav,Fillers3/mono/STE-036_mono.wav,filler3_A2_пациентка_вълк__изгладнелите_озверели_A,5,,
,,filler3,A0,лято,лета,лета,n,sg,f,pl,Булдозери събориха,напуканите през,,,,летата,скала,скали,скали,,A,Булдозери събориха напуканите през летата,скала,STE-037,Fillers3,STE-037_mono.wav,Fillers3/mono/STE-037_mono.wav,filler3_A0_скала_лято____A,3,,
,,filler3,A1,лято,лета,лета,n,sg,f,pl,Булдозери събориха,напуканите през,,горещите,,лета,скала,скали,скали,,A,Булдозери събориха напуканите през горещите лета,скала,STE-038,Fillers3,STE-038_mono.wav,Fillers3/mono/STE-038_mono.wav,filler3_A1_скала_лято__горещите__B,4,,
,,filler3,A2,лято,лета,лета,n,sg,f,pl,Булдозери събориха,напуканите през,,горещите,сухи,лета,скала,скали,скали,,A,Булдозери събориха напуканите през горещите сухи лета,скала,STE-039,Fillers3,STE-039_mono.wav,Fillers3/mono/STE-039_mono.wav,filler3_A2_скала_лято__горещите_сухи_C,5,,
,,filler3,A0,перо,пера,пера,n,sg,f,pl,Посетителите разгледаха,надписаните с,,,,перата,картичка,картички,картички,,A,Посетителите разгледаха надписаните с перата,картичка,STE-040,Fillers3,STE-040_mono.wav,Fillers3/mono/STE-040_mono.wav,filler3_A0_картичка_перо____C,3,,
,,filler3,A1,перо,пера,пера,n,sg,f,pl,Посетителите разгледаха,надписаните със,,старомодните,,пера,картичка,картички,картички,,A,Посетителите разгледаха надписаните със старомодните пера,картичка,STE-041,Fillers3,STE-041_mono.wav,Fillers3/mono/STE-041_mono.wav,filler3_A1_картичка_перо__старомодните__A,4,,
,,filler3,A2,перо,пера,пера,n,sg,f,pl,Посетителите разгледаха,надписаните със,,старомодните,подострени,пера,картичка,картички,картички,,A,Посетителите разгледаха надписаните със старомодните подострени пера,картичка,STE-042,Fillers3,STE-042_mono.wav,Fillers3/mono/STE-042_mono.wav,filler3_A2_картичка_перо__старомодните_подострени_B,5,,
,,filler3,A0,бурканче,бурканчета,бурканчета,n,sg,f,pl,Чистачката разсипа,излетите в,,,,бурканчетата,течност,течности,течности,,A,Чистачката разсипа излетите в бурканчетата,течност,STE-043,Fillers3,STE-043_mono.wav,Fillers3/mono/STE-043_mono.wav,filler3_A0_течност_бурканче____B,3,,
,,filler3,A1,бурканче,бурканчета,бурканчета,n,sg,f,pl,Чистачката разсипа,излетите в,,дълбоките,,бурканчета,течност,течности,течности,,A,Чистачката разсипа излетите в дълбоките бурканчета,течност,STE-044,Fillers3,STE-044_mono.wav,Fillers3/mono/STE-044_mono.wav,filler3_A1_течност_бурканче__дълбоките__C,4,,
,,filler3,A2,бурканче,бурканчета,бурканчета,n,sg,f,pl,Чистачката разсипа,излетите в,,дълбоките,стъклени,бурканчета,течност,течности,течности,,A,Чистачката разсипа излетите в дълбоките стъклени бурканчета,течност,STE-045,Fillers3,STE-045_mono.wav,Fillers3/mono/STE-045_mono.wav,filler3_A2_течност_бурканче__дълбоките_стъклени_A,5,,
,,filler3,A0,приключение,приключения,приключения,n,sg,f,pl,Монасите укриха,спасените след,,,,приключенията,мисионерка,мисионерки,мисионерки,,A,Монасите укриха спасените след приключенията,мисионерка,STE-046,Fillers3,STE-046_mono.wav,Fillers3/mono/STE-046_mono.wav,filler3_A0_мисионерка_приключение____A,3,,
,,filler3,A1,приключение,приключения,приключения,n,sg,f,pl,Монасите укриха,спасените след,,преживените,,приключения,мисионерка,мисионерки,мисионерки,,A,Монасите укриха спасените след преживените приключения,мисионерка,STE-047,Fillers3,STE-047_mono.wav,Fillers3/mono/STE-047_mono.wav,filler3_A1_мисионерка_приключение__преживените__B,4,,
,,filler3,A2,приключение,приключения,приключения,n,sg,f,pl,Монасите укриха,спасените след,,преживените,рисковани,приключения,мисионерка,мисионерки,мисионерки,,A,Монасите укриха спасените след преживените рисковани приключения,мисионерка,STE-048,Fillers3,STE-048_mono.wav,Fillers3/mono/STE-048_mono.wav,filler3_A2_мисионерка_приключение__преживените_рисковани_C,5,,
,,filler3,A0,клонче,клончета,клончета,n,sg,f,pl,Собствениците обраха,натежалите на,,,,клончетата,джанка,джанки,джанки,,A,Собствениците обраха натежалите на клончетата,джанка,STE-049,Fillers3,STE-049_mono.wav,Fillers3/mono/STE-049_mono.wav,filler3_A0_джанка_клонче____C,3,,
,,filler3,A1,клонче,клончета,клончета,n,sg,f,pl,Собствениците обраха,натежалите на,,тънките,,клончета,джанка,джанки,джанки,,A,Собствениците обраха натежалите на тънките клончета,джанка,STE-050,Fillers3,STE-050_mono.wav,Fillers3/mono/STE-050_mono.wav,filler3_A1_джанка_клонче__тънките__A,4,,
,,filler3,A2,клонче,клончета,клончета,n,sg,f,pl,Собствениците обраха,натежалите на,,тънките,зелени,клончета,джанка,джанки,джанки,,A,Собствениците обраха натежалите на тънките зелени клончета,джанка,STE-051,Fillers3,STE-051_mono.wav,Fillers3/mono/STE-051_mono.wav,filler3_A2_джанка_клонче__тънките_зелени_B,5,,
,,filler3,A0,състезание,състезания,състезания,n,sg,f,pl,Треньорите похвалиха,изморените от,,,,състезанията,гимнастичка,гимнастички,гимнастички,,A,Треньорите похвалиха изморените от състезанията,гимнастичка,STE-052,Fillers3,STE-052_mono.wav,Fillers3/mono/STE-052_mono.wav,filler3_A0_гимнастичка_състезание____B,3,,
,,filler3,A1,състезание,състезания,състезания,n,sg,f,pl,Треньорите похвалиха,изморените от,,изминалите,,състезания,гимнастичка,гимнастички,гимнастички,,A,Треньорите похвалиха изморените от изминалите състезания,гимнастичка,STE-053,Fillers3,STE-053_mono.wav,Fillers3/mono/STE-053_mono.wav,filler3_A1_гимнастичка_състезание__изминалите__C,4,,
,,filler3,A2,състезание,състезания,състезания,n,sg,f,pl,Треньорите похвалиха,изморените от,,изминалите,олимпийски,състезания,гимнастичка,гимнастички,гимнастички,,A,Треньорите похвалиха изморените от изминалите олимпийски състезания,гимнастичка,STE-054,Fillers3,STE-054_mono.wav,Fillers3/mono/STE-054_mono.wav,filler3_A2_гимнастичка_състезание__изминалите_олимпийски_A,5,,
,,filler3,A0,бягане,бягания,бягания,n,sg,f,pl,Комисията награди,изтощените от,,,,бяганията,спринтьорка,спринтьорки,спринтьорки,,A,Комисията награди изтощените от бяганията,спринтьорка,STE-055,Fillers3,STE-055_mono.wav,Fillers3/mono/STE-055_mono.wav,filler3_A0_спринтьорка_бягане____A,3,,
,,filler3,A1,бягане,бягания,бягания,n,sg,f,pl,Комисията награди,изтощените от,,дългите,,бягания,спринтьорка,спринтьорки,спринтьорки,,A,Комисията награди изтощените от дългите бягания,спринтьорка,STE-056,Fillers3,STE-056_mono.wav,Fillers3/mono/STE-056_mono.wav,filler3_A1_спринтьорка_бягане__дългите__B,4,,
,,filler3,A2,бягане,бягания,бягания,n,sg,f,pl,Комисията награди,изтощените от,,дългите,ежедневни,бягания,спринтьорка,спринтьорки,спринтьорки,,A,Комисията награди изтощените от дългите ежедневни бягания,спринтьорка,STE-057,Fillers3,STE-057_mono.wav,Fillers3/mono/STE-057_mono.wav,filler3_A2_спринтьорка_бягане__дългите_ежедневни_C,5,,
,,filler3,A0,боледуване,боледувания,боледувания,n,sg,f,pl,Лекарят консултираше,отслабналите след,,,,боледуванията,госпожа,госпожи,госпожи,,A,Лекарят консултираше отслабналите след боледуванията,госпожа,STE-058,Fillers3,STE-058_mono.wav,Fillers3/mono/STE-058_mono.wav,filler3_A0_госпожа_боледуване____C,3,,
,,filler3,A1,боледуване,боледувания,боледувания,n,sg,f,pl,Лекарят консултираше,отслабналите след,,продължителните,,боледувания,госпожа,госпожи,госпожи,,A,Лекарят консултираше отслабналите след продължителните боледувания,госпожа,STE-059,Fillers3,STE-059_mono.wav,Fillers3/mono/STE-059_mono.wav,filler3_A1_госпожа_боледуване__продължителните__A,4,,
,,filler3,A2,боледуване,боледувания,боледувания,n,sg,f,pl,Лекарят консултираше,отслабналите след,,продължителните,изтощаващи,боледувания,госпожа,госпожи,госпожи,,A,Лекарят консултираше отслабналите след продължителните изтощаващи боледувания,госпожа,STE-060,Fillers3,STE-060_mono.wav,Fillers3/mono/STE-060_mono.wav,filler3_A2_госпожа_боледуване__продължителните_изтощаващи_B,5,,
,,filler3,A0,чукче,чукчета,чукчета,n,sg,f,pl,Инженерите подмениха,счупените с,,,,чукчетата,част,части,части,,A,Инженерите подмениха счупените с чукчетата,част,STE-061,Fillers3,STE-061_mono.wav,Fillers3/mono/STE-061_mono.wav,filler3_A0_част_чукче____B,3,,
,,filler3,A1,чукче,чукчета,чукчета,n,sg,f,pl,Инженерите подмениха,счупените с,,твърдите,,чукчета,част,части,части,,A,Инженерите подмениха счупените с твърдите чукчета,част,STE-062,Fillers3,STE-062_mono.wav,Fillers3/mono/STE-062_mono.wav,filler3_A1_част_чукче__твърдите__C,4,,
,,filler3,A2,чукче,чукчета,чукчета,n,sg,f,pl,Инженерите подмениха,счупените с,,твърдите,чугунени,чукчета,част,части,части,,A,Инженерите подмениха счупените с твърдите чугунени чукчета,част,STE-063,Fillers3,STE-063_mono.wav,Fillers3/mono/STE-063_mono.wav,filler3_A2_част_чукче__твърдите_чугунени_A,5,,
,,filler3,A0,хълмче,хълмчета,хълмчета,n,sg,f,pl,Косачите окосиха,скритите зад,,,,хълмчетата,поляна,поляни,поляни,,A,Косачите окосиха скритите зад хълмчетата,поляна,STE-064,Fillers3,STE-064_mono.wav,Fillers3/mono/STE-064_mono.wav,filler3_A0_поляна_хълмче____A,3,,
,,filler3,A1,хълмче,хълмчета,хълмчета,n,sg,f,pl,Косачите окосиха,скритите зад,,далечните,,хълмчета,поляна,поляни,поляни,,A,Косачите окосиха скритите зад далечните хълмчета,поляна,STE-065,Fillers3,STE-065_mono.wav,Fillers3/mono/STE-065_mono.wav,filler3_A1_поляна_хълмче__далечните__B,4,,
,,filler3,A2,хълмче,хълмчета,хълмчета,n,sg,f,pl,Косачите окосиха,скритите зад,,далечните,живописни,хълмчета,поляна,поляни,поляни,,A,Косачите окосиха скритите зад далечните живописни хълмчета,поляна,STE-066,Fillers3,STE-066_mono.wav,Fillers3/mono/STE-066_mono.wav,filler3_A2_поляна_хълмче__далечните_живописни_C,5,,
,,filler3,A0,изкачване,изкачвания,изкачвания,n,sg,f,pl,Хижарите подслониха,измръзналите след,,,,изкачванията,алпинистка,алпинистки,алпинистки,,A,Хижарите подслониха измръзналите след изкачванията,алпинистка,STE-067,Fillers3,STE-067_mono.wav,Fillers3/mono/STE-067_mono.wav,filler3_A0_алпинистка_изкачване____C,3,,
,,filler3,A1,изкачване,изкачвания,изкачвания,n,sg,f,pl,Хижарите подслониха,измръзналите след,,многочасовите,,изкачвания,алпинистка,алпинистки,алпинистки,,A,Хижарите подслониха измръзналите след многочасовите изкачвания,алпинистка,STE-068,Fillers3,STE-068_mono.wav,Fillers3/mono/STE-068_mono.wav,filler3_A1_алпинистка_изкачване__многочасовите__A,4,,
,,filler3,A2,изкачване,изкачвания,изкачвания,n,sg,f,pl,Хижарите подслониха,измръзналите след,,многочасовите,планински,изкачвания,алпинистка,алпинистки,алпинистки,,A,Хижарите подслониха измръзналите след многочасовите планински изкачвания,алпинистка,STE-069,Fillers3,STE-069_mono.wav,Fillers3/mono/STE-069_mono.wav,filler3_A2_алпинистка_изкачване__многочасовите_планински_B,5,,
,,filler3,A0,мастило,мастила,мастила,n,sg,f,pl,Историците разчетоха,написаните с,,,,мастилата,дума,думи,думи,,A,Историците разчетоха написаните с мастилата,дума,STE-070,Fillers3,STE-070_mono.wav,Fillers3/mono/STE-070_mono.wav,filler3_A0_дума_мастило____B,3,,
,,filler3,A1,мастило,мастила,мастила,n,sg,f,pl,Историците разчетоха,написаните с,,бледите,,мастила,дума,думи,думи,,A,Историците разчетоха написаните с бледите мастила,дума,STE-071,Fillers3,STE-071_mono.wav,Fillers3/mono/STE-071_mono.wav,filler3_A1_дума_мастило__бледите__C,4,,
,,filler3,A2,мастило,мастила,мастила,n,sg,f,pl,Историците разчетоха,написаните с,,бледите,сини,мастила,дума,думи,думи,,A,Историците разчетоха написаните с бледите сини мастила,дума,STE-072,Fillers3,STE-072_mono.wav,Fillers3/mono/STE-072_mono.wav,filler3_A2_дума_мастило__бледите_сини_A,5,,
